rank,name,location,state,median_SAT_ACT_score,SAT,ACT,est_price_2018_19_without_aid,est_price_2018.19_with_avg._grant,percent_with_need_who_get_grants,ave_student_debt,early_career_earnings,diff_price_ecEarning,diff_price_debt,lon,lat
1,Princeton University,"Princeton, NJ",NJ,1500/34,1500,34,67700,19000,100,7500,69800,2100,62300,-74.6514481,40.3439888
2,University of California-San Diego,"La Jolla, CA",CA,1310/30,1310,30,32900,15900,95,18500,58600,25700,40100,-117.2340135,32.8800604
3,University of California-Irvine,"Irvine, CA",CA,1200/27,1200,27,34700,14800,96,17000,54900,20200,37900,-117.8442962,33.6404952
4,University of California-Los Angeles,"Los Angeles, CA",CA,1320/31,1320,31,34700,15300,96,16300,57500,22800,41200,-118.4451811,34.068921
5,Stanford University,"Stanford, CA",CA,1480/33,1480,33,70800,17900,98,12500,73300,2500,60800,-122.169719,37.4274745
6,Massachusetts Institute of Technology,"Cambridge, MA",MA,1530/34,1530,34,69000,23200,96,17300,81500,12500,64200,-71.09416,42.360091
7,University of California-Berkeley,"Berkeley, CA",CA,1410/33,1410,33,37900,18400,99,14200,65400,27500,51200,-122.2585399,37.8718992
8,CUNY Bernard M Baruch College,"New York, NY",NY,1240/NA,1240,NA,32500,10200,89,10800,54500,22000,43700,-73.9831567,40.7404873
9,University of Michigan-Ann Arbor,"Ann Arbor, MI",MI,1410/31,1410,31,30200,17300,82,20100,59300,29100,39200,-83.7382241,42.2780436
10,University of Virginia-Main Campus,"Charlottesville, VA",VA,1350/31,1350,31,33000,17100,84,19500,59500,26500,40000,-78.5079772,38.0335529
11,University of California-Davis,"Davis, CA",CA,1190/28,1190,28,36600,17200,96,14700,56700,20100,42000,-121.7617125,38.5382322
12,California Institute of Technology,"Pasadena, CA",CA,1560/35,1560,35,70600,28800,100,14400,78800,8200,64400,-118.125269,34.1376576
13,Rice University,"Houston, TX",TX,1490/34,1490,34,64700,23700,98,10200,65700,1000,55500,-95.4018312,29.7173941
14,University of Pennsylvania,"Philadelphia, PA",PA,1480/34,1480,34,73400,24600,99,20600,68100,-5300,47500,-75.1932137,39.9522188
15,Yale University,"New Haven, CT",CT,1510/34,1510,34,73000,19700,100,13500,66800,-6200,53300,-72.9223431,41.3163244
16,Harvard University,"Cambridge, MA",MA,1520/34,1520,34,71300,17400,100,6500,69200,-2100,62700,-71.1166601,42.3770029
17,Texas A & M University-College Station,"College Station, TX",TX,1190/27,1190,27,29200,16600,82,18800,57200,28000,38400,-96.4803466,30.6384561
18,Vanderbilt University,"Nashville, TN",TN,1510/34,1510,34,69000,24900,92,14000,61100,-7900,47100,-86.8026551,36.1447034
19,Georgia Institute of Technology-Main Campus,"Atlanta, GA",GA,1410/32,1410,32,29500,14300,87,24000,68100,38600,44100,-84.396285,33.7756178
19,University of Washington-Seattle Campus,"Seattle, WA",WA,1250/29,1250,29,27200,10800,77,15000,57300,30100,42300,-122.3035199,47.6553351
21,Massachusetts Maritime Academy,"Buzzards Bay, MA",MA,1050/23,1050,23,26300,15100,71,27000,63100,36800,36100,-70.6239579,41.7401719
22,California State University-Long Beach,"Long Beach, CA",CA,1050/23,1050,23,24600,10600,80,15000,49200,24600,34200,-118.1140904,33.7838235
23,University of Florida,"Gainesville, FL",FL,1280/29,1280,29,21600,15800,65,15800,52200,30600,36400,-82.3549302,29.6436325
24,Washington and Lee University,"Lexington, VA",VA,1390/32,1390,32,67500,25600,100,21500,59700,-7800,38200,-79.4449563,37.7904861
25,University of Illinois at Urbana-Champaign,"Champaign, IL",IL,1380/29,1380,29,30800,17900,64,20500,58600,27800,38100,-88.2271615,40.1019523
26,SUNY at Binghamton,"Vestal, NY",NY,1320/30,1320,30,26700,17800,83,19500,56400,29700,36900,-75.9697049,42.0893553
27,The University of Texas at Austin,"Austin, TX",TX,1280/29,1280,29,26100,17200,80,22300,56900,30800,34600,-97.7340567,30.2849185
28,University of Maryland-College Park,"College Park, MD",MD,1320/31,1320,31,27100,16900,78,19500,57600,30500,38100,-76.9425543,38.9869183
29,Virginia Polytechnic Institute and State University,"Blacksburg, VA",VA,1210/NA,1210,NA,26900,18500,71,24000,58600,31700,34600,-80.4234167,37.2283843
30,University of Notre Dame,"Notre Dame, IN",IN,1450/34,1450,34,71100,28700,97,21500,62500,-8600,41000,-86.2353388,41.7055716
31,North Carolina State University at Raleigh,"Raleigh, NC",NC,1260/29,1260,29,24300,14000,90,20800,53800,29500,33000,-78.6820946,35.7846633
32,University of California-Riverside,"Riverside, CA",CA,1070/24,1070,24,35500,13800,96,19100,51600,16100,32500,-117.3280644,33.9737055
33,Duke University,"Durham, NC",NC,1480/33,1480,33,73500,21400,96,7500,65300,-8200,57800,-78.9382286,36.0014258
34,Stony Brook University,"Stony Brook, NY",NY,1260/29,1260,29,26100,14600,84,19000,54300,28200,35300,-73.1233889,40.9123761
35,The College of New Jersey,"Ewing, NJ",NJ,1200/28,1200,28,35300,24100,39,23300,54400,19100,31100,-74.7778624,40.2683078
36,Williams College,"Williamstown, MA",MA,1440/33,1440,33,72300,19500,100,14600,62000,-10300,47400,-73.2036396,42.7129581
37,University of Chicago,"Chicago, IL",IL,1530/34,1530,34,77600,33400,98,14500,58100,-19500,43600,-87.5987133,41.7886079
38,University of California-Santa Barbara,"Santa Barbara, CA",CA,1260/30,1260,30,37000,16300,93,16500,54900,17900,38400,-119.848947,34.4139629
39,James Madison University,"Harrisonburg, VA",VA,1130/25,1130,25,26700,17500,51,20900,53400,26700,32500,-78.8697548,38.435092
40,Purdue University-Main Campus,"West Lafayette, IN",IN,1200/28,1200,28,23400,12600,64,21500,58000,34600,36500,-86.9211946,40.4237054
41,Michigan State University,"East Lansing, MI",MI,1130/27,1130,27,29200,16100,74,25500,51800,22600,26300,-84.4821719,42.701848
42,College of the Holy Cross,"Worcester, MA",MA,1290/29,1290,29,67800,29000,82,27500,56000,-11800,28500,-71.8079608,42.2392391
42,Swarthmore College,"Swarthmore, PA",PA,1420/32,1420,32,70500,21100,100,19500,60000,-10500,40500,-75.3523171,39.9040349
44,Dartmouth College,"Hanover, NH",NH,1460/32,1460,32,73600,22700,96,13500,66300,-7300,52800,-72.2886935,43.7044406
45,California State University-Dominguez Hills,"Carson, CA",CA,850/17,850,17,22900,3500,86,14000,46200,23300,32200,-118.2552809,33.8633706
46,Georgetown University,"Washington, DC",DC,1420/32,1420,32,73300,28600,88,15500,61400,-11900,45900,-77.0722585,38.9076089
47,California State Polytechnic University-Pomona,"Pomona, CA",CA,1030/24,1030,24,26700,13500,79,19000,53600,26900,34600,-117.820741,34.0575651
48,University of Wisconsin-Madison,"Madison, WI",WI,1310/29,1310,29,26300,17000,77,22300,53400,27100,31100,-89.4124875,43.076592
49,California State University-Stanislaus,"Turlock, CA",CA,910/19,910,19,21000,8100,87,15000,47000,26000,32000,-120.8562309,37.5251853
50,University of Connecticut,"Storrs, CT",CT,1230/29,1230,29,31800,20500,72,21500,55400,23600,33900,-72.6722132,41.7625336
51,California State University-Los Angeles,"Los Angeles, CA",CA,880/18,880,18,25400,4200,95,12900,47100,21700,34200,-118.1670662,34.0667803
52,Bates College,"Lewiston, ME",ME,NA/NA,NA,NA,70500,25800,100,14500,55800,-14700,41300,-70.2021865,44.1057216
53,Union College,"Schenectady, NY",NY,NA/NA,NA,NA,70300,41500,94,27000,58500,-11800,31500,-73.9295987,42.8177125
54,Barnard College,"New York, NY",NY,1370/31,1370,31,73000,24500,99,17800,53500,-19500,35700,-73.9639632,40.8090974
55,Colgate University,"Hamilton, NY",NY,1380/32,1380,32,71500,24100,99,16100,61400,-10100,45300,-75.5401764,42.8166152
56,Columbia University in the City of New York,"New York, NY",NY,1500/34,1500,34,76000,24700,99,21500,66000,-10000,44500,-73.9625727,40.8075355
57,College of William and Mary,"Williamsburg, VA",VA,1360/31,1360,31,38300,18000,86,19500,54400,16100,34900,-76.713378,37.271674
58,University of North Carolina at Chapel Hill,"Chapel Hill, NC",NC,1320/31,1320,31,26200,10800,88,16500,51200,25000,34700,-79.0469134,35.9049122
59,Brown University,"Providence, RI",RI,1470/33,1470,33,72800,27100,94,15000,63000,-9800,48000,-71.4025482,41.8267718
60,Boston College,"Chestnut Hill, MA",MA,1360/32,1360,32,72300,29200,88,19000,59200,-13100,40200,-71.1684945,42.3355488
61,San Jose State University,"San Jose, CA",CA,1040/23,1040,23,28800,14800,93,15000,58500,29700,43500,-121.8810715,37.3351874
62,California State University-Chico,"Chico, CA",CA,990/22,990,22,25000,14700,78,17000,52700,27700,35700,-121.8473287,39.729575
63,Virginia Military Institute,"Lexington, VA",VA,1150/26,1150,26,31300,17400,81,25000,62200,30900,37200,-79.43946,37.788981
64,California Polytechnic State University-San Luis Obispo,"San Luis Obispo, CA",CA,1260/29,1260,29,27800,19900,88,18700,61100,33300,42400,-120.6624942,35.3050053
65,Rutgers University-New Brunswick,"New Brunswick, NJ",NJ,1230/NA,1230,NA,32300,16800,70,22200,55800,23500,33600,-74.4473991,40.5008186
66,California State University-Fresno,"Fresno, CA",CA,910/19,910,19,20900,6600,88,15000,47800,26900,32800,-119.7457805,36.8124451
67,California State University-San Bernardino,"San Bernardino, CA",CA,880/18,880,18,24800,6900,89,16500,45500,20700,29000,-117.3235324,34.1821786
68,University of Delaware,"Newark, DE",DE,1170/26,1170,26,28500,17100,83,24200,54300,25800,30100,-75.7506114,39.6779504
69,Babson College,"Wellesley, MA",MA,1270/29,1270,29,70100,29500,95,26000,66600,-3500,40600,-71.2657077,42.2964421
70,Amherst College,"Amherst, MA",MA,1460/33,1460,33,73000,20500,100,13000,60200,-12800,47200,-72.5170028,42.3709104
71,Pomona College,"Claremont, CA",CA,1440/33,1440,33,71400,19500,100,11000,57500,-13900,46500,-117.711803,34.097743
72,Clemson University,"Clemson, SC",SC,1250/29,1250,29,30300,19100,82,21500,54300,24000,32800,-82.8364148,34.6760942
73,Davidson College,"Davidson, NC",NC,1350/31,1350,31,68300,30000,98,17000,53100,-15200,36100,-80.8446725,35.5008018
74,Haverford College,"Haverford, PA",PA,1420/33,1420,33,73300,22700,100,13000,54700,-18600,41700,-75.305656,40.0093478
75,SUNY College of Environmental Science and Forestry,"Syracuse, NY",NY,1170/25,1170,25,28000,19400,99,19800,49700,21700,29900,-76.1369148,43.0344612
76,Hamilton College,"Clinton, NY",NY,1390/32,1390,32,69300,26200,100,15800,58600,-10700,42800,-75.4057949,43.0524261
77,University of Minnesota-Twin Cities,"Minneapolis, MN",MN,1320/29,1320,29,28100,17400,84,20200,53400,25300,33200,-93.2277285,44.97399
78,Bowdoin College,"Brunswick, ME",ME,NA/NA,NA,NA,69700,26700,100,18800,55500,-14200,36700,-69.9639971,43.9076929
79,San Diego State University,"San Diego, CA",CA,1110/26,1110,26,28900,15400,80,15300,51100,22200,35800,-117.0718893,32.7757217
80,Saint Johns University,"Collegeville, MN",MN,1040/25,1040,25,57200,27500,98,27000,54700,-2500,27700,-73.7942112,40.7220627
81,CUNY Queens College,"Queens, NY",NY,1090/NA,1090,NA,29000,9300,86,11000,48700,19700,37700,-73.8194606,40.7363725
82,Lafayette College,"Easton, PA",PA,1300/29,1300,29,70300,28100,94,26000,61500,-8800,35500,-75.2087298,40.6986202
83,Vassar College,"Poughkeepsie, NY",NY,1420/32,1420,32,72100,23600,99,15800,52100,-20000,36300,-73.8957002,41.6867992
84,California State University-Fullerton,"Fullerton, CA",CA,1020/22,1020,22,28000,8800,76,15000,47400,19400,32400,-117.8869261,33.8829226
85,Bentley University,"Waltham, MA",MA,1180/28,1180,28,67800,38200,98,26500,62000,-5800,35500,-71.22168,42.3856989
86,Northwestern University,"Evanston, IL",IL,1480/33,1480,33,74700,31500,98,19400,59500,-15200,40100,-87.675267,42.0564594
87,University of Massachusetts-Amherst,"Amherst, MA",MA,1230/28,1230,28,30800,21600,87,24000,53500,22700,29500,-72.5267121,42.3911569
88,Iowa State University,"Ames, IA",IA,1130/25,1130,25,21100,14600,97,23900,52700,31600,28800,-93.6464654,42.0266187
89,California State University-Northridge,"Northridge, CA",CA,920/20,920,20,22700,7100,85,14200,47900,25200,33700,-118.5276745,34.2410366
90,Wellesley College,"Wellesley, MA",MA,1410/32,1410,32,70700,21500,97,8900,53800,-16900,44900,-71.3059277,42.2935733
91,Wake Forest University,"Winston-Salem, NC",NC,NA/NA,NA,NA,70800,25600,96,23000,56000,-14800,33000,-80.2780272,36.1338933
92,Cornell University,"Ithaca, NY",NY,1430/33,1430,33,72000,32200,98,12000,65600,-6400,53600,-76.4735027,42.4534492
92,College of Saint Benedict,"Saint Joseph, MN",MN,1010/25,1010,25,58200,28800,96,26300,46300,-11900,20000,-94.3942882,45.5813035
94,Indiana University-Bloomington,"Bloomington, IN",IN,1180/27,1180,27,25000,13600,80,22500,50300,25300,27800,-86.5129458,39.1745704
94,University of Georgia,"Athens, GA",GA,1240/29,1240,29,27000,16100,92,19100,50200,23200,31100,-83.3773221,33.9480053
96,University of California-Santa Cruz,"Santa Cruz, CA",CA,1180/28,1180,28,36900,17500,93,20000,53500,16600,33500,-122.0582771,36.9915847
97,Citadel Military College of South Carolina,"Charleston, SC",SC,1060/23,1060,23,29400,19800,79,23800,56100,26700,32300,-79.9606739,32.797075
97,George Mason University,"Fairfax, VA",VA,1160/27,1160,27,29900,19400,78,19800,55100,25200,35300,-77.3114889,38.8314936
99,DePauw University,"Greencastle, IN",IN,1160/27,1160,27,64100,33100,100,25600,52300,-11800,26700,-86.8628946,39.6393943
100,University of New Hampshire-Main Campus,"Durham, NH",NH,1100/25,1100,25,33800,24800,71,27000,50600,16800,23600,-70.9370252,43.138948
101,Tufts University,"Medford, MA",MA,1450/33,1450,33,72300,30100,93,18000,60400,-11900,42400,-71.1190232,42.4074843
102,Brigham Young University-Provo,"Provo, UT",UT,1270/29,1270,29,18800,13800,80,11000,55400,36600,44400,-111.6493156,40.2518435
103,Santa Clara University,"Santa Clara, CA",CA,1300/30,1300,30,71100,40400,71,21500,63800,-7300,42300,-121.9389875,37.3496418
104,University of Richmond,"Richmond, VA",VA,1320/31,1320,31,66400,24100,98,21100,55400,-11000,34300,-77.5409744,37.5758681
105,Johns Hopkins University,"Baltimore, MD",MD,1490/33,1490,33,71500,29400,92,15000,63200,-8300,48200,-76.6205177,39.3299013
106,Claremont McKenna College,"Claremont, CA",CA,1410/32,1410,32,73500,32800,98,15000,63500,-10000,48500,-117.7079219,34.1017767
106,SUNY at Albany,"Albany, NY",NY,1080/24,1080,24,26300,16200,83,21100,49300,23000,28200,-73.8243942,42.6857636
108,University of Illinois at Chicago,"Chicago, IL",IL,1110/24,1110,24,31400,12400,81,18800,52800,21400,34000,-87.6474502,41.8693039
109,CUNY John Jay College of Criminal Justice,"New York, NY",NY,980/NA,980,NA,34700,9200,78,10000,43100,8400,33100,-73.9884684,40.7704272
110,Simmons College,"Boston, MA",MA,1170/27,1170,27,59600,32000,100,26000,51300,-8300,25300,-71.0999358,42.3393661
111,Wesleyan University,"Middletown, CT",CT,NA/NA,NA,NA,71600,22000,93,17500,55900,-15700,38400,-72.6569041,41.5566104
112,Michigan Technological University,"Houghton, MI",MI,1200/28,1200,28,29800,17500,79,26900,63000,33200,36100,-88.5460218,47.1167748
113,University of Southern California,"Los Angeles, CA",CA,1390/32,1390,32,73900,35400,91,22400,59400,-14500,37000,-118.285117,34.0223519
113,Ramapo College of New Jersey,"Mahwah, NJ",NJ,1080/24,1080,24,31600,16800,48,22800,48100,16500,25300,-74.1746234,41.0815079
115,Arizona State University-Tempe,"Tempe, AZ",AZ,1150/25,1150,25,28200,14000,93,20300,51400,23200,31100,-111.9280527,33.4242399
115,University of Portland,"Portland, OR",OR,1190/NA,1190,NA,60700,34100,78,24300,55100,-5600,30800,-122.7275712,45.5732046
117,Lehigh University,"Bethlehem, PA",PA,1330/31,1330,31,67500,29500,98,24300,65400,-2100,41100,-75.3782832,40.6069087
117,SUNY Cortland,"Cortland, NY",NY,1070/24,1070,24,25500,18700,72,21500,43400,17900,21900,-76.187797,42.599001
119,Cooper Union for the Advancement of Science and Art,"New York, NY",NY,1420/31,1420,31,66600,37300,100,16700,63900,-2700,47200,-73.9916086,40.7280822
120,Ohio State University-Main Campus,"Columbus, OH",OH,1290/29,1290,29,27700,19300,85,21500,51900,24200,30400,-83.0309143,40.0141905
121,California State University Maritime Academy,"Vallejo, CA",CA,NA/NA,NA,NA,28800,15700,100,25500,64600,35800,39100,-122.2302775,38.0691862
122,Florida State University,"Tallahassee, FL",FL,1200/27,1200,27,22300,17700,77,20800,47000,24700,26200,-84.2984889,30.4418778
123,Northeastern University,"Boston, MA",MA,1420/33,1420,33,69800,32200,91,27900,58300,-11500,30400,-71.0891717,42.3398067
124,Franklin and Marshall College,"Lancaster, PA",PA,NA/NA,NA,NA,72100,24900,100,22000,53700,-18400,31700,-76.3197819,40.0484514
125,Bucknell University,"Lewisburg, PA",PA,1290/30,1290,30,71800,36900,95,27000,62300,-9500,35300,-76.8835514,40.9546869
126,CUNY Hunter College,"New York, NY",NY,1160/NA,1160,NA,22600,11000,86,11500,48700,26100,37200,-73.9644936,40.7682912
127,Illinois State University,"Normal, IL",IL,NA/24,NA,24,29600,19800,62,22000,47900,18300,25900,-88.9946702,40.5122833
128,Emory University,"Atlanta, GA",GA,1400/32,1400,32,68600,26600,94,17200,56700,-11900,39500,-84.3239989,33.7925195
129,Washington University in St Louis,"Saint Louis, MO",MO,1490/33,1490,33,73700,30900,97,19900,60100,-13600,40200,-90.3107962,38.6487895
130,Colby College,"Waterville, ME",ME,1370/32,1370,32,70200,22600,100,19300,55200,-15000,35900,-69.6626362,44.5638691
131,CUNY Lehman College,"Bronx, NY",NY,1000/NA,1000,NA,27800,6600,90,10200,45300,17500,35100,-73.8941395,40.8733183
132,Harvey Mudd College,"Claremont, CA",CA,1500/34,1500,34,76200,38100,95,25500,81000,4800,55500,-117.7104699,34.1060817
133,St Lawrence University,"Canton, NY",NY,NA/NA,NA,NA,69900,33900,100,27000,52000,-17900,25000,-75.1608814,44.5892119
134,Maine Maritime Academy,"Castine, ME",ME,1040/23,1040,23,27900,20600,72,27000,63300,35400,36300,-68.803489,44.3885883
135,University of Vermont,"Burlington, VT",VT,1200/28,1200,28,34100,19100,93,22300,49500,15400,27200,-73.1964637,44.4778528
136,University of Iowa,"Iowa City, IA",IA,1170/26,1170,26,23100,15200,73,21600,50700,27600,29100,-91.5548998,41.6626963
136,University at Buffalo,"Buffalo, NY",NY,1170/27,1170,27,26800,17200,76,19500,50200,23400,30700,-78.7889697,43.0008093
138,College of the Ozarks,"Point Lookout, MO",MO,1090/23,1090,23,30200,14300,100,NA,38300,8100,NA,-93.2393789,36.6163199
139,Molloy College,"Rockville Centre, NY",NY,1080/24,1080,24,51600,29900,93,27000,57100,5500,30100,-73.6263933,40.6859799
140,Colorado School of Mines,"Golden, CO",CO,1340/31,1340,31,34500,26900,56,26000,71900,37400,45900,-105.2225705,39.7510136
141,College of Mount Saint Vincent,"Bronx, NY",NY,880/20,880,20,51200,18500,94,27000,48000,-3200,21000,-73.9030113,40.9124186
142,Siena College,"Loudonville, NY",NY,NA/NA,NA,NA,55100,28800,100,27000,50200,-4900,23200,-73.7523365,42.716635
143,Trinity University,"San Antonio, TX",TX,1270/29,1270,29,58200,30700,98,25500,51100,-7100,25600,-98.4831622,29.4618444
144,CUNY Brooklyn College,"Brooklyn, NY",NY,1110/NA,1110,NA,22700,10500,82,10400,48200,25500,37800,-73.9521781,40.6312967
145,Gustavus Adolphus College,"Saint Peter, MN",MN,NA/NA,NA,NA,57100,26100,99,27000,48200,-8900,21200,-93.9687771,44.3221619
146,Gettysburg College,"Gettysburg, PA",PA,NA/NA,NA,NA,68300,37200,95,22000,52600,-15700,30600,-77.2375078,39.8362073
147,Towson University,"Towson, MD",MD,1070/23,1070,23,26900,16700,62,17800,48200,21300,30400,-76.6126392,39.3925121
148,Wabash College,"Crawfordsville, IN",IN,1130/26,1130,26,55900,26000,99,25000,58900,3000,33900,-86.9066552,40.0378111
149,Washington State University,"Pullman, WA",WA,1050/23,1050,23,27900,19100,86,20400,52400,24500,32000,-117.1542121,46.7319225
150,Wheaton College,"Wheaton, IL",IL,1290/30,1290,30,48800,29900,99,22500,49600,800,27100,-88.099622,41.86833
150,California State University-Sacramento,"Sacramento, CA",CA,940/20,940,20,26400,9800,95,15800,50900,24500,35100,-121.4240519,38.5612918
152,St Olaf College,"Northfield, MN",MN,1260/29,1260,29,59700,29300,100,27000,49000,-10700,22000,-93.1826784,44.4616634
153,Villanova University,"Villanova, PA",PA,1320/31,1320,31,69900,35700,91,26500,61400,-8500,34900,-75.34358,40.037056
153,Stevens Institute of Technology,"Hoboken, NJ",NJ,1350/31,1350,31,68800,39900,99,28300,70800,2000,42500,-74.025683,40.7448376
155,Carnegie Mellon University,"Pittsburgh, PA",PA,1470/33,1470,33,71800,37800,95,26300,70900,-900,44600,-79.9430128,40.4428081
156,Middlebury College,"Middlebury, VT",VT,1390/32,1390,32,71100,23000,98,15900,56300,-14800,40400,-73.1773152,44.0082595
157,Syracuse University,"Syracuse, NY",NY,1190/27,1190,27,67100,34200,92,27000,53900,-13200,26900,-76.1351158,43.0391534
158,The College of Saint Scholastica,"Duluth, MN",MN,1010/24,1010,24,50300,24800,74,21200,48300,-2000,27100,-92.1060949,46.8161783
158,Worcester Polytechnic Institute,"Worcester, MA",MA,NA/NA,NA,NA,66600,43700,97,27000,69200,2600,42200,-71.8062724,42.2745754
160,Fairfield University,"Fairfield, CT",CT,NA/NA,NA,NA,65900,41400,85,27000,57100,-8800,30100,-73.2573625,41.1587639
161,Bethel University,"Saint Paul, MN",MN,1130/25,1130,25,51600,29200,100,24400,47800,-3800,23400,-93.1611157,45.0587642
162,McDaniel College,"Westminster, MD",MD,1100/25,1100,25,57200,25000,100,27000,48700,-8500,21700,-77.0037192,39.5829905
162,Saint Mary's College,"Notre Dame, IN",IN,1070/25,1070,25,56500,27900,100,27000,47100,-9400,20100,-122.1098786,37.8416252
164,Montclair State University,"Montclair, NJ",NJ,NA/NA,NA,NA,31100,16200,63,23000,47400,16300,24400,-74.1978088,40.8622558
165,Art Center College of Design,"Pasadena, CA",CA,NA/NA,NA,NA,61000,47000,NA,31300,59200,-1800,27900,-118.1851569,34.1688713
166,Marquette University,"Milwaukee, WI",WI,1160/27,1160,27,56600,36000,98,27000,54300,-2300,27300,-87.9297546,43.0382216
167,Temple University,"Philadelphia, PA",PA,NA/NA,NA,NA,33200,22800,84,26000,48800,15600,22800,-75.1553512,39.9811935
168,St Catherine University,"Saint Paul, MN",MN,1080/22,1080,22,51900,24200,76,28000,47500,-4400,19500,-93.182822,44.925308
169,California State University-East Bay,"Hayward, CA",CA,NA/NA,NA,NA,25700,11600,94,16300,53900,28200,37600,-122.057391,37.6571305
170,Assumption College,"Worcester, MA",MA,NA/NA,NA,NA,55900,31600,100,27000,50700,-5200,23700,-71.8289631,42.2947143
171,SUNY College at Brockport,"Brockport, NY",NY,1020/23,1020,23,24700,15300,81,20800,43200,18500,22400,-77.9507327,43.210018
172,Providence College,"Providence, RI",RI,1140/26,1140,26,66500,37800,98,27000,54700,-11800,27700,-71.4381653,41.8440925
173,Lake Forest College,"Lake Forest, IL",IL,NA/NA,NA,NA,60100,26300,NA,27000,51000,-9100,24000,-87.828913,42.249058
174,Holy Family University,"Philadelphia, PA",PA,930/NA,930,NA,48000,16800,94,27000,48300,300,21300,-74.9873319,40.0609234
174,Martin Luther College,"New Ulm, MN",MN,1230/24,1230,24,26200,19600,98,23100,34700,8500,11600,-94.4720672,44.3045605
176,Touro College,"New York, NY",NY,NA/NA,NA,NA,36000,20300,95,12500,55700,19700,43200,-73.9906533,40.7422475
177,Case Western Reserve University,"Cleveland, OH",OH,1390/32,1390,32,67000,35600,97,24100,62400,-4600,38300,-81.6083838,41.5043413
178,Brandeis University,"Waltham, MA",MA,1380/31,1380,31,72600,34500,94,27000,55300,-17300,28300,-71.258663,42.364989
179,MCPHS University,"Boston, MA",MA,1070/24,1070,24,54600,40200,93,27000,61700,7100,34700,-71.101197,42.3367994
180,University of Wisconsin-Eau Claire,"Eau Claire, WI",WI,NA/24,NA,24,20600,15200,82,23300,49100,28500,25800,-91.5034191,44.7967459
181,University of Northern Iowa,"Cedar Falls, IA",IA,1050/23,1050,23,21800,15900,56,20600,44900,23100,24300,-92.4620034,42.5133893
182,Rowan University,"Glassboro, NJ",NJ,1130/25,1130,25,31800,19400,55,20000,48400,16600,28400,-75.1189478,39.7098595
182,University of Rochester,"Rochester, NY",NY,NA/NA,NA,NA,71800,36700,100,24500,57500,-14300,33000,-77.6260033,43.1305531
184,Westfield State University,"Westfield, MA",MA,990/22,990,22,24700,16700,69,22800,44200,19500,21400,-72.7941529,42.1318254
185,Boston University,"Boston, MA",MA,1320/30,1320,30,72000,33900,99,27000,56100,-15900,29100,-71.1053991,42.3504997
186,Occidental College,"Los Angeles, CA",CA,1310/30,1310,30,73500,34300,99,23700,51800,-21700,28100,-118.2101148,34.1273185
187,Merrimack College,"North Andover, MA",MA,NA/NA,NA,NA,59300,35400,99,27000,51900,-7400,24900,-71.1225705,42.6677049
188,St. Thomas Aquinas College,"Sparkill, NY",NY,940/20,940,20,48800,22400,92,22500,46800,-2000,24300,-73.9358442,41.041757
189,University of St Francis,"Joliet, IL",IL,1010/23,1010,23,45700,19300,99,25000,48000,2300,23000,-88.0970978,41.5333799
190,University of Minnesota-Crookston,"Crookston, MN",MN,950/22,950,22,24400,14400,91,20500,46500,22100,26000,-96.6072394,47.7998548
191,University of Scranton,"Scranton, PA",PA,1130/26,1130,26,62600,36200,95,27000,52000,-10600,25000,-75.6574301,41.4069177
192,Dickinson College,"Carlisle, PA",PA,NA/NA,NA,NA,70700,36900,98,21000,52400,-18300,31400,-77.197232,40.2027214
193,College of Saint Elizabeth,"Morristown, NJ",NJ,820/19,820,19,53300,19400,NA,25000,46900,-6400,21900,-74.4367424,40.781949
194,Clarkson University,"Potsdam, NY",NY,1180/27,1180,27,67700,33500,99,27000,64200,-3500,37200,-74.998544,44.6637611
195,University of St Thomas,"Saint Paul, MN",MN,1170/27,1170,27,56000,33100,98,26000,53400,-2600,27400,-93.1914909,44.941751
196,Dordt College,"Sioux Center, IA",IA,1060/25,1060,25,44900,25900,100,23000,47200,2300,24200,-96.1663608,43.0824829
197,John Carroll University,"University Heights, OH",OH,1100/25,1100,25,57200,29200,98,26900,47900,-9300,21000,-81.5293126,41.4905062
198,New York University,"New York, NY",NY,1370/31,1370,31,73500,37700,88,23300,58700,-14800,35400,-73.9964609,40.7295134
199,Missouri University of Science and Technology,"Rolla, MO",MO,1280/28,1280,28,22500,14900,92,24600,65200,42700,40600,-91.7756271,37.9537078
199,New Jersey Institute of Technology,"Newark, NJ",NJ,1210/26,1210,26,37400,16500,96,23000,60800,23400,37800,-74.1793409,40.7423345
201,College of Our Lady of the Elms,"Chicopee, MA",MA,950/21,950,21,52000,25600,96,25000,46700,-5300,21700,-72.6016769,42.1422257
201,Salisbury University,"Salisbury, MD",MD,NA/NA,NA,NA,25700,19000,78,20200,47600,21900,27400,-75.6046968,38.345073
203,University of Utah,"Salt Lake City, UT",UT,1180/24,1180,24,24200,12200,82,15000,51100,26900,36100,-111.8421021,40.7649368
204,University of South Florida-Main Campus,"Tampa, FL",FL,1160/26,1160,26,21900,12200,84,19100,46400,24500,27300,-82.4138539,28.0587031
205,Berea College,"Berea, KY",KY,1110/25,1110,25,36200,3100,100,5800,39200,3000,33400,-84.2878891,37.5749016
206,Florida International University,"Miami, FL",FL,1120/25,1120,25,24300,13900,79,17200,46200,21900,29000,-80.3757191,25.7563028
207,Western Washington University,"Bellingham, WA",WA,1110/26,1110,26,24100,17400,77,19400,50600,26500,31200,-122.4866109,48.7342883
208,University of Wisconsin-La Crosse,"La Crosse, WI",WI,NA/25,NA,25,17800,14200,63,23300,46200,28400,22900,-91.2311516,43.8160517
209,Fresno Pacific University,"Fresno, CA",CA,960/21,960,21,44100,19600,77,21500,42400,-1700,20900,-119.7341819,36.7268898
210,SUNY College at Geneseo,"Geneseo, NY",NY,1200/27,1200,27,25700,18600,79,20900,47800,22100,26900,-77.8237029,42.796092
210,University of La Verne,"La Verne, CA",CA,1030/23,1030,23,61300,23900,66,25000,47200,-14100,22200,-117.773235,34.100854
212,St. Mary's University,"San Antonio, TX",TX,1040/22,1040,22,45600,18100,98,27000,47800,2200,20800,-98.5640981,29.4523378
213,California State University-Bakersfield,"Bakersfield, CA",CA,NA/NA,NA,NA,26600,6600,90,13200,47700,21100,34500,-119.103684,35.348251
214,Kenyon College,"Gambier, OH",OH,1340/31,1340,31,70800,30300,99,19000,51700,-19100,32700,-82.3983079,40.3718965
215,Pepperdine University,"Malibu, CA",CA,1220/29,1220,29,72600,42600,98,26000,53100,-19500,27100,-118.7095814,34.0414045
216,Indiana Wesleyan University-Marion,"Marion, IN",IN,1050/24,1050,24,38700,21000,83,24100,45200,6500,21100,-85.6626535,40.5168964
217,The University of Texas at Dallas,"Richardson, TX",TX,1260/28,1260,28,28000,11000,89,18800,53600,25600,34800,-96.7500993,32.9857619
218,Stockton University,"Galloway, NJ",NJ,1060/22,1060,22,31000,15400,59,21100,44500,13500,23400,-74.5323795,39.4941665
219,Mount Saint Mary's University,"Los Angeles, CA",CA,920/20,920,20,60800,29100,80,25000,51400,-9400,26400,-77.3490013,39.6807058
220,Denison University,"Granville, OH",OH,1290/30,1290,30,66500,34400,100,26000,51000,-15500,25000,-82.5227273,40.0735236
221,Le Moyne College,"Syracuse, NY",NY,1110/25,1110,25,51200,25100,100,26200,47300,-3900,21100,-76.0855042,43.0497018
222,University of Dayton,"Dayton, OH",OH,1130/27,1130,27,59100,36500,99,26000,53700,-5400,27700,-84.1799675,39.7393
223,University of San Francisco,"San Francisco, CA",CA,1140/26,1140,26,67600,37600,84,25000,56800,-10800,31800,-122.4506413,37.7765141
224,University of Oklahoma-Norman Campus,"Norman, OK",OK,1200/26,1200,26,29100,19300,57,20000,51900,22800,31900,-97.4457137,35.2058936
225,Duquesne University,"Pittsburgh, PA",PA,1140/27,1140,27,53400,31100,97,27000,49600,-3800,22600,-79.9905863,40.4374516
226,San Francisco State University,"San Francisco, CA",CA,980/21,980,21,27400,14200,89,17300,52900,25500,35600,-122.4782094,37.721897
227,North Dakota State University-Main Campus,"Fargo, ND",ND,1150/24,1150,24,22000,15700,58,23300,51400,29400,28100,-96.8031712,46.8962434
228,Dominican University of California,"San Rafael, CA",CA,1020/23,1020,23,66000,36900,100,27000,51900,-14100,24900,-122.513156,37.9795666
229,Rensselaer Polytechnic Institute,"Troy, NY",NY,1380/30,1380,30,71800,40200,100,27500,67500,-4300,40000,-73.678803,42.730172
229,Skidmore College,"Saratoga Springs, NY",NY,1230/28,1230,28,71100,25700,100,19500,51200,-19900,31700,-73.7849819,43.0959503
231,Illinois Institute of Technology,"Chicago, IL",IL,1250/29,1250,29,65300,27800,99,27000,60600,-4700,33600,-87.6270059,41.8348731
232,Endicott College,"Beverly, MA",MA,NA/NA,NA,NA,51500,37100,82,27000,47600,-3900,20600,-70.8408093,42.5531918
233,University of Wisconsin-Platteville,"Platteville, WI",WI,NA/24,NA,24,19400,15400,59,24300,53600,34200,29300,-90.4872604,42.7323713
233,University of Evansville,"Evansville, IN",IN,1110/26,1110,26,52100,23700,100,27000,48000,-4100,21000,-87.5317064,37.9721221
235,Canisius College,"Buffalo, NY",NY,1080/25,1080,25,53400,22300,99,24800,43800,-9600,19000,-78.8514848,42.9248338
236,SUNY Maritime College,"Throggs Neck, NY",NY,1120/25,1120,25,25900,17500,68,26500,71600,45700,45100,-73.8011369,40.8091766
237,Grinnell College,"Grinnell, IA",IA,1430/32,1430,32,67800,32200,100,13200,48800,-19000,35600,-92.7201302,41.7490571
237,Taylor University,"Upland, IN",IN,1100/26,1100,26,46400,27300,100,24000,44900,-1500,20900,-85.4976242,40.4568032
239,Smith College,"Northampton, MA",MA,NA/NA,NA,NA,71200,26000,98,19000,48800,-22400,29800,-72.6372341,42.3180957
240,State University of New York at New Paltz,"New Paltz, NY",NY,1110/25,1110,25,24800,15700,59,19000,44800,20000,25800,-74.0851655,41.7390054
241,Wofford College,"Spartanburg, SC",SC,1160/27,1160,27,59100,27500,100,25700,47200,-11900,21500,-81.9344902,34.9580657
242,Texas Tech University,"Lubbock, TX",TX,1110/25,1110,25,24200,16400,86,22500,53400,29200,30900,-101.8782822,33.5842591
243,Pennsylvania State University-Main Campus,"University Park, PA",PA,1200/27,1200,27,37200,26900,50,26800,55200,18000,28400,-77.8599084,40.7982133
244,Carleton College,"Northfield, MN",MN,1430/32,1430,32,70500,30700,100,19500,53800,-16700,34300,-93.1558264,44.4613654
245,Connecticut College,"New London, CT",CT,NA/NA,NA,NA,71100,29800,94,23600,53200,-17900,29600,-72.1045869,41.3786877
246,West Chester University of Pennsylvania,"West Chester, PA",PA,1060/23,1060,23,27400,20000,58,23500,46700,19300,23200,-75.5999933,39.9518653
247,Loyola Marymount University,"Los Angeles, CA",CA,1230/28,1230,28,66300,44000,95,21700,53800,-12500,32100,-118.4165979,33.9702454
248,Hope College,"Holland, MI",MI,1140/26,1140,26,46500,29800,87,27000,46200,-300,19200,-86.1023574,42.7871797
249,Marist College,"Poughkeepsie, NY",NY,NA/NA,NA,NA,56200,38500,71,26000,51600,-4600,25600,-73.9341204,41.7224565
249,SUNY Oneonta,"Oneonta, NY",NY,1070/24,1070,24,24700,16600,81,21500,44200,19500,22700,-75.0635578,42.4710197
251,Adelphi University,"Garden City, NY",NY,1110/25,1110,25,57700,30200,97,25500,51500,-6200,26000,-73.6522652,40.7202125
252,Saint John Fisher College,"Rochester, NY",NY,1060/24,1060,24,48900,29300,100,23900,44000,-4900,20100,-77.511511,43.115372
253,Saint Mary's College of California,"Moraga, CA",CA,1060/25,1060,25,67100,38300,98,25000,56000,-11100,31000,-122.1098786,37.8416252
254,Oklahoma State University-Main Campus,"Stillwater, OK",OK,1090/24,1090,24,24200,15000,76,20500,49700,25500,29200,-97.0737222,36.1270236
255,Saint Michael's College,"Colchester, VT",VT,NA/NA,NA,NA,58900,33600,99,28000,50400,-8500,22400,-73.163743,44.49598
256,Loyola University Maryland,"Baltimore, MD",MD,NA/NA,NA,NA,66100,36700,76,27000,55100,-11000,28100,-76.6197116,39.3465167
257,Salve Regina University,"Newport, RI",RI,NA/NA,NA,NA,58100,33200,100,27000,49900,-8200,22900,-71.3006438,41.4714527
258,University of North Dakota,"Grand Forks, ND",ND,1080/24,1080,24,21900,15800,70,24500,50900,29000,26400,-97.0768014,47.922891
259,Concordia University-Saint Paul,"Saint Paul, MN",MN,NA/NA,NA,NA,35300,20900,93,22400,47200,11900,24800,-93.1566541,44.9497786
260,Niagara University,"Niagara, NY",NY,1030/23,1030,23,48500,19900,98,25000,42100,-6400,17100,-79.0353197,43.1365152
261,Rose-Hulman Institute of Technology,"Terre Haute, IN",IN,1320/30,1320,30,66600,44800,85,27000,71600,5000,44600,-87.3240403,39.4828386
262,Immaculata University,"Immaculata, PA",PA,970/21,970,21,47100,31600,NA,27000,47600,500,20600,-75.5705399,40.0279142
263,Colorado College,"Colorado Springs, CO",CO,NA/NA,NA,NA,70300,25600,95,20500,49700,-20600,29200,-104.824394,38.846594
264,Lewis University,"Romeoville, IL",IL,1100/24,1100,24,46500,21700,95,24600,47400,900,22800,-88.0804639,41.6048148
265,University of Nebraska-Lincoln,"Lincoln, NE",NE,1140/25,1140,25,25700,17700,76,21700,48700,23000,27000,-96.7004763,40.8201966
266,Manhattan College,"Riverdale, NY",NY,1110/26,1110,26,61700,35000,81,26000,60700,-1000,34700,-73.9010623,40.8899623
267,John Brown University,"Siloam Springs, AR",AR,1130/26,1130,26,39800,21100,91,21900,44000,4200,22100,-94.5594091,36.190767
268,Calvin College,"Grand Rapids, MI",MI,1170/26,1170,26,47900,27300,99,26400,47000,-900,20600,-85.5889329,42.9295084
268,Misericordia University,"Dallas, PA",PA,1050/24,1050,24,48600,26500,100,27000,45000,-3600,18000,-75.9707268,41.345197
270,St. Joseph's College-New York,"Brooklyn, NY",NY,1010/23,1010,23,35400,18100,99,21500,43700,8300,22200,-73.9677729,40.690509
271,Aurora University,"Aurora, IL",IL,950/22,950,22,37900,19700,91,22300,44900,7000,22600,-88.3496396,41.7545293
272,Mount Holyoke College,"South Hadley, MA",MA,NA/NA,NA,NA,65400,29200,99,21200,48800,-16600,27600,-72.5761394,42.2532535
273,Loras College,"Dubuque, IA",IA,1090/23,1090,23,44900,19300,100,27000,44500,-400,17500,-90.6810607,42.5030898
274,Concordia College at Moorhead,"Moorhead, MN",MN,NA/NA,NA,NA,50700,25300,98,27000,44900,-5800,17900,-96.7700579,46.8628042
274,Louisiana State University and Agricultural & Mechanical College,"Baton Rouge, LA",LA,1130/26,1130,26,30400,16200,86,20900,51800,21400,30900,-91.1871663,30.440815
276,Furman University,"Greenville, SC",SC,NA/NA,NA,NA,65200,33300,100,25400,48100,-17100,22700,-82.4382693,34.9237
277,Augustana University,"Sioux Falls, SD",SD,1080/26,1080,26,46500,21400,99,27000,44800,-1700,17800,-96.7396893,43.5226043
278,Saint Joseph's University,"Philadelphia, PA",PA,1140/26,1140,26,62300,38700,92,23000,53300,-9000,30300,-75.2416405,39.9946832
279,Waynesburg University,"Waynesburg, PA",PA,970/22,970,22,36900,19900,98,27000,43700,6800,16700,-80.1866266,39.8992112
280,Stonehill College,"Easton, MA",MA,NA/NA,NA,NA,61000,33300,97,27000,51800,-9200,24800,-71.0806276,42.0590153
281,Bryant University,"Smithfield, RI",RI,NA/NA,NA,NA,61300,39200,70,27000,56300,-5000,29300,-71.5379512,41.9211048
282,Muhlenberg College,"Allentown, PA",PA,1230/28,1230,28,66900,39400,97,26500,50000,-16900,23500,-75.5101316,40.597544
282,Lebanon Valley College,"Annville, PA",PA,1100/25,1100,25,58800,28300,99,27000,46100,-12700,19100,-76.5150796,40.3337415
284,Keuka College,"Keuka Park, NY",NY,950/21,950,21,48600,25900,82,25900,43300,-5300,17400,-77.0905414,42.6151505
284,George Washington University,"Washington, DC",DC,1290/30,1290,30,71000,42500,94,25000,56200,-14800,31200,-77.0485992,38.8997145
284,Hobart William Smith Colleges,"Geneva, NY",NY,1260/28,1260,28,71400,41700,99,27000,52400,-19000,25400,-76.9852164,42.8581166
287,Farmingdale State College,"Farmingdale, NY",NY,970/21,970,21,24700,9300,79,16000,49100,24400,33100,-73.4267093,40.7529512
288,Drake University,"Des Moines, IA",IA,1200/28,1200,28,55300,30200,98,26000,49200,-6100,23200,-93.6552984,41.6029128
289,Juniata College,"Huntingdon, PA",PA,NA/NA,NA,NA,59600,30200,98,27000,47600,-12000,20600,-78.0158977,40.5001396
290,Saint Vincent College,"Latrobe, PA",PA,1050/23,1050,23,50100,24600,80,27000,46200,-3900,19200,-79.4003653,40.2914205
291,Milwaukee School of Engineering,"Milwaukee, WI",WI,1250/28,1250,28,53300,25800,100,27000,63400,10100,36400,-87.9084479,43.0440495
292,Seton Hall University,"South Orange, NJ",NJ,1160/25,1160,25,58500,29900,58,25000,53900,-4600,28900,-74.2473024,40.742946
292,Edgewood College,"Madison, WI",WI,1020/23,1020,23,43700,25900,98,25500,46500,2800,21000,-89.423378,43.060689
294,Saint Norbert College,"De Pere, WI",WI,1100/25,1100,25,49300,26000,97,27000,47800,-1500,20800,-88.066303,44.444875
294,University of Redlands,"Redlands, CA",CA,1090/25,1090,25,68600,36700,99,28500,50200,-18400,21700,-117.1638403,34.0639966
296,Bradley University,"Peoria, IL",IL,1100/25,1100,25,47800,28700,96,27000,52000,4200,25000,-89.6153484,40.6977743
297,Westminster College,"New Wilmington, PA",PA,1050/23,1050,23,50700,22400,99,27000,44400,-6300,17400,-91.9544836,38.8500391
298,California State University-San Marcos,"San Marcos, CA",CA,960/21,960,21,25900,9600,90,18000,47900,22000,29900,-117.1591368,33.1291944
298,Ohio Northern University,"Ada, OH",OH,1130/26,1130,26,47200,26100,99,27000,51400,4200,24400,-83.8324991,40.7663058
300,Centre College,"Danville, KY",KY,1210/29,1210,29,55200,27400,99,27000,46700,-8500,19700,-84.7815059,37.6456916
301,Seattle University,"Seattle, WA",WA,1180/28,1180,28,61000,38300,91,24500,55000,-6000,30500,-122.3175626,47.6089705
301,Kansas State University,"Manhattan, KS",KS,NA/NA,NA,NA,24900,17600,56,22500,50000,25100,27500,-96.5847249,39.1974437
301,Gonzaga University,"Spokane, WA",WA,1210/28,1210,28,58700,36100,100,26400,53800,-4900,27400,-117.4023849,47.667189
301,DePaul University,"Chicago, IL",IL,NA/NA,NA,NA,57600,34400,86,23300,51500,-6100,28200,-87.627227,41.877512
305,St Mary's College of Maryland,"St. Mary's City, MD",MD,1130/26,1130,26,30400,21200,73,20400,50600,20200,30200,-76.4290313,38.1909255
306,University of Mary Washington,"Fredericksburg, VA",VA,1110/25,1110,25,28100,22000,64,21500,50600,22500,29100,-77.47447,38.3013039
307,Sonoma State University,"Rohnert Park, CA",CA,980/22,980,22,26700,17400,65,17500,50100,23400,32600,-122.6730656,38.3409236
308,Southern Methodist University,"Dallas, TX",TX,1320/30,1320,30,74100,40300,73,21500,55000,-19100,33500,-96.7845175,32.8412178
309,University of Arizona,"Tucson, AZ",AZ,NA/NA,NA,NA,29000,17700,89,19000,52700,23700,33700,-110.9501094,32.2318851
310,Colorado State University-Fort Collins,"Fort Collins, CO",CO,1140/26,1140,26,26600,17400,68,21000,49900,23300,28900,-105.0865473,40.573436
311,Daemen College,"Amherst, NY",NY,NA/NA,NA,NA,44200,18400,98,20400,43400,-800,23000,-78.7884384,42.9648902
312,Oregon State University,"Corvallis, OR",OR,1120/25,1120,25,26800,20900,80,23500,52200,25400,28700,-123.2794443,44.5637806
313,Saint Francis University,"Loretto, PA",PA,1060/24,1060,24,53200,26700,56,27000,44800,-8400,17800,-78.6376191,40.50382
314,Concordia University-Nebraska,"Seward, NE",NE,1000/24,1000,24,43500,20800,100,25300,38400,-5100,13100,-97.0896219,40.9143712
315,Pacific Lutheran University,"Tacoma, WA",WA,1110/25,1110,25,56100,27100,99,25800,50000,-6100,24200,-122.4440668,47.1453532
316,Massachusetts College of Art and Design,"Boston, MA",MA,1070/24,1070,24,30400,23300,80,25300,46500,16100,21200,-71.0992668,42.3368239
316,University of Miami,"Coral Gables, FL",FL,1300/30,1300,30,67900,40200,51,19800,52700,-15200,32900,-80.2771253,25.7191685
318,Louisiana Tech University,"Ruston, LA",LA,1090/24,1090,24,20900,10200,92,19900,50300,29400,30400,-92.6481104,32.5263753
318,Miami University-Oxford,"Oxford, OH",OH,1240/29,1240,29,32600,21700,85,24800,53500,20900,28700,-84.7308768,39.5105334
320,Bethel College-Indiana,"Mishawaka, IN",IN,1030/23,1030,23,41700,21000,NA,26100,39800,-1900,13700,-86.196199,41.678297
320,Kean University,"Union, NJ",NJ,920/20,920,20,30000,17400,70,25000,45700,15700,20700,-74.2342865,40.678071
320,Augustana College,"Rock Island, IL",IL,NA/NA,NA,NA,54700,25300,98,27000,45000,-9700,18000,-90.5507098,41.5051053
323,Spelman College,"Atlanta, GA",GA,1080/24,1080,24,52900,34800,79,27000,47500,-5400,20500,-84.4122934,33.7463597
324,Macalester College,"Saint Paul, MN",MN,1380/31,1380,31,67900,30600,99,22700,49500,-18400,26800,-93.1690434,44.9378927
325,Saint Louis University,"Saint Louis, MO",MO,1220/28,1220,28,58600,35700,94,26000,51000,-7600,25000,-90.2331143,38.6348913
326,Illinois College,"Jacksonville, IL",IL,NA/NA,NA,NA,43900,19700,100,27000,42800,-1100,15800,-90.24675,39.730211
327,Cedar Crest College,"Allentown, PA",PA,990/22,990,22,53400,20600,100,27800,45200,-8200,17400,-75.5196631,40.5859377
328,University of Minnesota-Duluth,"Duluth, MN",MN,1090/24,1090,24,25000,16800,85,25000,49600,24600,24600,-92.0835669,46.8186613
329,Saint Mary's University of Minnesota,"Winona, MN",MN,1010/23,1010,23,46400,22800,97,23300,48800,2400,25500,-91.6959211,44.0447762
330,Rochester Institute of Technology,"Rochester, NY",NY,1240/29,1240,29,56000,31300,95,28000,58400,2400,30400,-77.6743445,43.0845894
331,California State University-Monterey Bay,"Seaside, CA",CA,NA/NA,NA,NA,23900,12200,75,14000,46200,22300,32200,-121.7977985,36.6516548
331,California State University-Channel Islands,"Camarillo, CA",CA,NA/NA,NA,NA,29300,15500,NA,15200,47700,18400,32500,-119.0434218,34.1620531
333,Fordham University,"Bronx, NY",NY,1270/29,1270,29,74000,40800,96,26000,54400,-19600,28400,-73.8856987,40.8620404
334,Central Washington University,"Ellensburg, WA",WA,1060/21,1060,21,23100,15100,84,20700,49000,25900,28300,-120.5358982,47.0073655
335,Clark University,"Worcester, MA",MA,NA/NA,NA,NA,56300,28300,97,27000,47600,-8700,20600,-71.8246703,42.2523452
336,Gannon University,"Erie, PA",PA,1030/23,1030,23,47700,23600,98,27000,48100,400,21100,-80.0865882,42.1282445
337,Cedarville University,"Cedarville, OH",OH,1200/26,1200,26,40100,24500,79,22500,48600,8500,26100,-83.8126484,39.7495714
338,Regis University,"Denver, CO",CO,1060/24,1060,24,52400,28500,86,22900,53800,1400,30900,-105.0298601,39.7893353
338,The University of Findlay,"Findlay, OH",OH,990/23,990,23,46700,21600,100,25000,46500,-200,21500,-83.6547373,41.054643
340,Albion College,"Albion, MI",MI,1050/23,1050,23,58100,22200,100,27200,48500,-9600,21300,-84.7451775,42.2440064
341,Quinnipiac University,"Hamden, CT",CT,1090/25,1090,25,65300,40200,97,26000,52400,-12900,26400,-72.8926883,41.4191748
342,Goshen College,"Goshen, IN",IN,1030/26,1030,26,47600,18700,98,20100,42900,-4700,22800,-85.828317,41.564367
343,La Salle University,"Philadelphia, PA",PA,980/22,980,22,46600,28700,97,27000,51100,4500,24100,-75.1566322,40.0387561
344,University of Wisconsin-Stout,"Menomonie, WI",WI,NA/22,NA,22,20200,15100,72,25500,48000,27800,22500,-91.9266989,44.8715765
345,University of South Dakota,"Vermillion, SD",SD,1050/23,1050,23,22800,17700,NA,25000,45600,22800,20600,-96.9253381,42.7883015
345,Nebraska Wesleyan University,"Lincoln, NE",NE,1090/24,1090,24,47700,25300,99,25000,43500,-4200,18500,-96.6534974,40.8395997
347,Keene State College,"Keene, NH",NH,980/21,980,21,27900,20000,70,26300,46100,18200,19800,-72.2803536,42.9254972
348,Mississippi State University,"Starkville, MS",MS,NA/25,NA,25,25000,16800,87,23300,47900,22900,24600,-88.7943766,33.4551742
349,University of Wyoming,"Laramie, WY",WY,1090/24,1090,24,20300,14100,66,18500,49700,29400,31200,-105.5665744,41.3148754
349,University of Mount Olive,"Mount Olive, NC",NC,1090/20,1090,20,31900,16200,92,28000,39800,7900,11800,-78.0711372,35.2082274
351,University of Central Florida,"Orlando, FL",FL,1180/26,1180,26,22800,16700,71,18300,46400,23600,28100,-81.2000599,28.6024274
352,Messiah College,"Mechanicsburg, PA",PA,1150/26,1150,26,49100,29000,99,26000,47600,-1500,21600,-76.9882272,40.1579079
353,Truman State University,"Kirksville, MO",MO,1200/27,1200,27,21600,13400,94,22700,45000,23400,22300,-92.5808645,40.1865632
354,SUNY College at Old Westbury,"Old Westbury, NY",NY,970/22,970,22,23900,10800,86,16200,45400,21500,29200,-73.5738915,40.7992391
355,SUNY College at Plattsburgh,"Plattsburgh, NY",NY,1100/23,1100,23,25200,15300,86,22000,43400,18200,21400,-73.466962,44.692543
355,University of Rhode Island,"Kingston, RI",RI,1070/25,1070,25,30200,19700,86,23400,50900,20700,27500,-71.5308537,41.4860647
357,Susquehanna University,"Selinsgrove, PA",PA,NA/NA,NA,NA,61200,28500,100,27000,47300,-13900,20300,-76.8744803,40.7973267
358,Monmouth University,"West Long Branch, NJ",NJ,1030/23,1030,23,56200,31800,57,26700,48400,-7800,21700,-74.0058114,40.2804557
359,University of Massachusetts-Lowell,"Lowell, MA",MA,1170/27,1170,27,30600,19700,88,25000,55400,24800,30400,-71.3247164,42.6552587
360,Whitman College,"Walla Walla, WA",WA,1310/30,1310,30,66100,36800,100,17500,50000,-16100,32500,-118.3306351,46.0705799
361,Bryn Mawr College,"Bryn Mawr, PA",PA,1340/30,1340,30,70100,34300,98,26000,50200,-19900,24200,-75.3152341,40.0281065
362,University of Pittsburgh-Pittsburgh Campus,"Pittsburgh, PA",PA,1290/30,1290,30,34000,25300,74,26900,52100,18100,25200,-79.960835,40.4443533
362,Luther College,"Decorah, IA",IA,1060/26,1060,26,55300,27300,100,27000,46400,-8900,19400,-91.8062533,43.311063
364,Allegheny College,"Meadville, PA",PA,NA/NA,NA,NA,62600,28500,100,29000,46700,-15900,17700,-80.1449493,41.649349
365,Trinity Christian College,"Palos Heights, IL",IL,1040/24,1040,24,43300,24400,98,24600,44400,1100,19800,-87.7841447,41.6686186
366,Mount Mercy University,"Cedar Rapids, IA",IA,NA/21,NA,21,45800,21600,98,22300,45800,0,23500,-91.6522379,42.0027013
367,Ursinus College,"Collegeville, PA",PA,NA/NA,NA,NA,67800,33900,100,27000,50200,-17600,23200,-75.4558588,40.1915099
367,Wheaton College,"Norton, MA",MA,NA/NA,NA,NA,67400,35200,99,26000,48900,-18500,22900,-88.099622,41.86833
369,Appalachian State University,"Boone, NC",NC,1140/25,1140,25,19500,10900,74,20500,43900,24400,23400,-81.6841448,36.2134842
369,Wartburg College,"Waverly, IA",IA,990/24,990,24,53100,24100,100,27000,46100,-7000,19100,-92.4821589,42.7285775
371,Illinois Wesleyan University,"Bloomington, IL",IL,1270/27,1270,27,60200,33500,100,27000,49000,-11200,22000,-88.9906541,40.4908892
372,Elon University,"Elon, NC",NC,1190/27,1190,27,50800,36700,90,23300,49400,-1400,26100,-79.5023567,36.1027527
373,Linfield College-McMinnville Campus,"McMinnville, OR",OR,1040/22,1040,22,58100,30500,80,25000,49000,-9100,24000,-123.199224,45.200606
374,Scripps College,"Claremont, CA",CA,1370/30,1370,30,72800,40700,100,14000,51000,-21800,37000,-117.7102128,34.1039348
375,Auburn University,"Auburn, AL",AL,1160/27,1160,27,32000,23300,72,21500,50700,18700,29200,-85.4951663,32.5933574
376,University of Maine,"Orono, ME",ME,1070/24,1070,24,24800,16900,87,26000,49000,24200,23000,-68.6666508,44.9012197
377,Texas Christian University,"Fort Worth, TX",TX,1180/28,1180,28,64500,35800,93,21500,52900,-11600,31400,-97.3627717,32.709483
378,SUNY College of Technology at Alfred,"Alfred, NY",NY,950/22,950,22,25500,15400,NA,14900,47900,22400,33000,-77.7946533,42.2552377
379,Knox College,"Galesburg, IL",IL,NA/NA,NA,NA,57900,25000,98,27000,45600,-12300,18600,-90.3718673,40.9418892
380,University of the Pacific,"Stockton, CA",CA,1170/27,1170,27,66400,36300,97,24600,55500,-10900,30900,-121.3120225,37.9808152
381,Tulane University of Louisiana,"New Orleans, LA",LA,1330/31,1330,31,71400,34900,97,27500,52300,-19100,24800,-90.1207279,29.9403477
382,Yeshiva University,"New York, NY",NY,1230/27,1230,27,62000,33300,NA,19500,58900,-3100,39400,-73.9293271,40.8505995
383,University of Nebraska at Kearney,"Kearney, NE",NE,930/22,930,22,23100,16700,85,21300,41900,18800,20600,-99.1014292,40.7011879
384,Beloit College,"Beloit, WI",WI,1220/27,1220,27,60900,27700,98,27000,45300,-15600,18300,-89.0309048,42.5030333
385,Grand Valley State University,"Allendale, MI",MI,1050/24,1050,24,24800,17100,84,25000,44500,19700,19500,-85.8889489,42.9639298
386,Ithaca College,"Ithaca, NY",NY,NA/NA,NA,NA,62800,37600,98,25800,48700,-14100,22900,-76.498564,42.421658
387,Kalamazoo College,"Kalamazoo, MI",MI,NA/NA,NA,NA,60700,30000,99,26500,47400,-13300,20900,-85.598145,42.290035
388,University of San Diego,"San Diego, CA",CA,1210/28,1210,28,67000,41400,95,22900,54400,-12600,31500,-117.188213,32.7719191
389,Carlow University,"Pittsburgh, PA",PA,970/22,970,22,44200,19600,81,27000,41800,-2400,14800,-79.9639145,40.4394832
390,Radford University,"Radford, VA",VA,NA/NA,NA,NA,23800,15100,60,23000,46200,22400,23200,-80.5506221,37.1382689
391,Sewanee-The University of the South,"Sewanee, TN",TN,NA/NA,NA,NA,62400,33000,98,19000,46000,-16400,27000,-85.9176605,35.20518
392,Houghton College,"Houghton, NY",NY,1100/25,1100,25,45500,23100,100,25500,41000,-4500,15500,-78.1558062,42.4268184
393,Elmhurst College,"Elmhurst, IL",IL,1040/23,1040,23,51200,20200,100,21500,46900,-4300,25400,-87.945605,41.895871
394,Central College,"Pella, IA",IA,1120/24,1120,24,51800,24400,100,27000,46200,-5600,19200,-92.919667,41.400595
395,Austin College,"Sherman, TX",TX,1210/26,1210,26,55100,24800,100,26000,48200,-6900,22200,-96.594854,33.64626
396,South Dakota State University,"Brookings, SD",SD,1030/23,1030,23,23400,23000,50,25100,47900,24500,22800,-96.783968,44.3189457
397,Slippery Rock University of Pennsylvania,"Slippery Rock, PA",PA,1000/21,1000,21,25000,18700,65,25000,42900,17900,17900,-80.0411691,41.0630249
398,Saint Peter's University,"Jersey City, NJ",NJ,930/20,930,20,55300,15800,99,25000,50700,-4600,25700,-74.0715029,40.7272231
399,University of Wisconsin-Oshkosh,"Oshkosh, WI",WI,NA/22,NA,22,19500,14100,57,23700,45300,25800,21600,-88.5510215,44.0253186
400,University of North Carolina at Charlotte,"Charlotte, NC",NC,1120/24,1120,24,24200,13000,76,23000,49300,25100,26300,-80.735164,35.3070929
400,Lycoming College,"Williamsport, PA",PA,1030/23,1030,23,55200,20900,100,27000,44500,-10700,17500,-77.000181,41.246018
402,Augsburg College,"Minneapolis, MN",MN,1060/22,1060,22,52500,26200,99,27000,47400,-5100,20400,-93.2401366,44.9663002
403,Winona State University,"Winona, MN",MN,930/23,930,23,22300,18400,69,24000,46700,24400,22700,-91.6432837,44.0473997
404,Madonna University,"Livonia, MI",MI,NA/21,NA,21,35000,15900,88,25000,43700,8700,18700,-83.4062995,42.3857893
404,Tennessee Technological University,"Cookeville, TN",TN,1080/24,1080,24,27100,15800,55,16000,51000,23900,35000,-85.5070223,36.175903
406,Lawrence University,"Appleton, WI",WI,1270/29,1270,29,59900,31400,99,27400,47000,-12900,19600,-88.4000897,44.2623594
407,The New School,"New York, NY",NY,1160/26,1160,26,71100,48900,NA,23900,50000,-21100,26100,-94.156444,36.096495
408,California Lutheran University,"Thousand Oaks, CA",CA,1100/25,1100,25,61300,31200,99,23000,48000,-13300,25000,-118.8788537,34.2250167
409,University of South Carolina-Columbia,"Columbia, SC",SC,1210/28,1210,28,27700,21400,44,23300,46900,19200,23600,-81.0274276,33.996112
410,University of Missouri-Columbia,"Columbia, MO",MO,1160/26,1160,26,27200,17500,80,21900,49100,21900,27200,-92.3277375,38.9403808
411,Millikin University,"Decatur, IL",IL,1000/23,1000,23,48800,23600,89,27000,44300,-4500,17300,-88.974817,39.8430961
412,University of Kansas,"Lawrence, KS",KS,NA/26,NA,26,25900,19300,76,20500,49500,23600,29000,-95.2557961,38.9543439
413,Tennessee State University,"Nashville, TN",TN,NA/NA,NA,NA,21800,10300,80,28000,46100,24300,18100,-86.8275815,36.1668224
413,University of Idaho,"Moscow, ID",ID,1050/24,1050,24,21800,15900,73,24300,49300,27500,25000,-117.0126084,46.7288124
413,University of Maryland-Baltimore County,"Baltimore, MD",MD,1220/27,1220,27,28200,16500,72,21200,54000,25800,32800,-76.7109751,39.2556129
416,St John's University-New York,"Queens, NY",NY,1080/25,1080,25,61300,28500,78,26000,51800,-9500,25800,-73.7942112,40.7220627
417,University of Saint Francis-Fort Wayne,"Fort Wayne, IN",IN,1000/22,1000,22,43200,18300,99,25300,43600,400,18300,-85.1742097,41.0865604
418,University of Denver,"Denver, CO",CO,1210/29,1210,29,66900,35400,98,23700,51700,-15200,28000,-104.9618965,39.6766174
418,Drexel University,"Philadelphia, PA",PA,1190/28,1190,28,70400,41900,95,26200,58400,-12000,32200,-75.1899441,39.9566127
420,University of Minnesota-Morris,"Morris, MN",MN,1150/25,1150,25,24500,12400,96,19500,44400,19900,24900,-95.8969661,45.5890317
421,Bellarmine University,"Louisville, KY",KY,1070/25,1070,25,60700,26600,98,25000,46900,-13800,21900,-85.7046817,38.2184666
422,Wentworth Institute of Technology,"Boston, MA",MA,1120/25,1120,25,55400,39300,84,27000,59200,3800,32200,-71.0954018,42.3360695
423,East Carolina University,"Greenville, NC",NC,1050/22,1050,22,22500,13800,74,24800,45600,23100,20800,-77.3645653,35.6055108
423,Cardinal Stritch University,"Milwaukee, WI",WI,1010/20,1010,20,43700,18600,94,27000,48000,4300,21000,-87.9083689,43.1401276
425,University of Maine at Farmington,"Farmington, ME",ME,NA/NA,NA,NA,23100,15400,91,27000,40100,17000,13100,-70.1481254,44.6679585
426,Westmont College,"Santa Barbara, CA",CA,1160/26,1160,26,62400,37600,100,25100,50700,-11700,25600,-119.6610313,34.4488434
427,Huntington University,"Huntington, IN",IN,1030/22,1030,22,38200,23100,77,27000,37700,-500,10700,-85.4991407,40.8988334
428,Montana State University,"Bozeman, MT",MT,1130/25,1130,25,21600,16100,69,24000,50900,29300,26900,-111.04981,45.6667557
429,Maryville University of Saint Louis,"Saint Louis, MO",MO,1030/25,1030,25,47200,28600,97,23700,45100,-2100,21400,-90.5047854,38.6456624
430,Bay Path University,"Longmeadow, MA",MA,960/22,960,22,50500,23600,100,24000,41800,-8700,17800,-72.5825941,42.0558784
431,Clarke University,"Dubuque, IA",IA,960/23,960,23,47000,25500,100,26000,42600,-4400,16600,-90.6913801,42.5092661
432,Mount Vernon Nazarene University,"Mount Vernon, OH",OH,1050/23,1050,23,42100,20700,99,26500,41300,-800,14800,-82.4702522,40.3740929
433,Moravian College,"Bethlehem, PA",PA,1010/23,1010,23,59300,31400,100,27000,49600,-9700,22600,-75.3812135,40.6308814
434,University of Oregon,"Eugene, OR",OR,1100/25,1100,25,27500,16500,73,21100,47600,20100,26500,-123.0726055,44.0448302
435,Southwest Minnesota State University,"Marshall, MN",MN,920/21,920,21,21300,15900,71,21700,42300,21000,20600,-95.759773,44.4560884
436,Loyola University Chicago,"Chicago, IL",IL,1150/27,1150,27,61400,37500,96,25000,49600,-11800,24600,-87.6578534,41.9988408
437,Dominican University,"River Forest, IL",IL,1060/23,1060,23,46100,19600,99,25000,46600,500,21600,-87.8220588,41.9024125
438,Bloomsburg University of Pennsylvania,"Bloomsburg, PA",PA,970/21,970,21,24900,17200,64,26000,46500,21600,20500,-76.4472749,41.0081119
439,Saint Anselm College,"Manchester, NH",NH,1140/26,1140,26,58200,34500,100,27000,52500,-5700,25500,-71.5072307,42.9874723
440,Fitchburg State University,"Fitchburg, MA",MA,990/21,990,21,24600,15400,70,22700,45400,20800,22700,-71.7889139,42.5900165
441,Lewis & Clark College,"Portland, OR",OR,1280/29,1280,29,63600,38500,99,24500,46800,-16800,22300,-122.4554639,46.6195461
441,Elizabethtown College,"Elizabethtown, PA",PA,1080/25,1080,25,59900,30600,100,27000,46600,-13300,19600,-76.589792,40.1503251
443,Rivier University,"Nashua, NH",NH,NA/NA,NA,NA,49300,27000,97,25500,47500,-1800,22000,-71.4542671,42.7391326
443,University of Wisconsin-Whitewater,"Whitewater, WI",WI,1000/23,1000,23,18200,13800,62,25000,46100,27900,21100,-88.7430845,42.8411986
443,Seattle Pacific University,"Seattle, WA",WA,1110/24,1110,24,57800,31300,100,25600,49000,-8800,23400,-122.3615366,47.6495805
446,University of Arkansas,"Fayetteville, AR",AR,1120/26,1120,26,25500,16500,76,21500,49100,23600,27600,-94.1736551,36.0678324
447,SUNY College at Oswego,"Oswego, NY",NY,1100/25,1100,25,24700,17600,87,21500,42800,18100,21300,-76.5443166,43.4514291
448,Fairleigh Dickinson University-Metropolitan Campus,"Teaneck, NJ",NJ,970/20,970,20,58000,19300,84,26000,47400,-10600,21400,-74.029816,40.8975036
449,Rockhurst University,"Kansas City, MO",MO,1080/26,1080,26,52900,25500,100,20500,51500,-1400,31000,-94.5715545,39.0309267
450,University of Detroit Mercy,"Detroit, MI",MI,1120/25,1120,25,58800,24000,98,23500,50900,-7900,27400,-83.1379029,42.414062
451,University of Colorado Boulder,"Boulder, CO",CO,1190/28,1190,28,30900,24400,76,19500,53400,22500,33900,-105.2659417,40.007581
452,Mississippi University for Women,"Columbus, MS",MS,1080/21,1080,21,19600,10800,69,15000,40500,20900,25500,-88.4187196,33.4947079
453,Pitzer College,"Claremont, CA",CA,NA/NA,NA,NA,72200,27400,98,15900,49000,-23200,33100,-117.7047193,34.1046624
454,Rhodes College,"Memphis, TN",TN,1270/29,1270,29,63000,32000,100,26200,47900,-15100,21700,-89.9892872,35.1550839
455,Winston-Salem State University,"Winston-Salem, NC",NC,870/18,870,18,20300,11100,85,25700,44900,24600,19200,-80.2251168,36.089874
456,Presbyterian College,"Clinton, SC",SC,1110/25,1110,25,53200,21200,100,26100,46000,-7200,19900,-81.877559,34.465182
457,Transylvania University,"Lexington, KY",KY,NA/NA,NA,NA,51800,25400,100,27000,46000,-5800,19000,-84.4936508,38.053147
458,Northwood University,"Midland, MI",MI,1000/22,1000,22,41300,24200,85,21800,45600,4300,23800,-84.2744061,43.6301146
459,Rider University,"Lawrenceville, NJ",NJ,1010/22,1010,22,61100,31200,98,25800,48700,-12400,22900,-74.738187,40.279623
460,Azusa Pacific University,"Azusa, CA",CA,1020/23,1020,23,53700,30600,98,22500,47200,-6500,24700,-117.8883593,34.1300755
461,Worcester State University,"Worcester, MA",MA,1010/24,1010,24,26300,16800,81,20000,47600,21300,27600,-71.8441349,42.2679717
462,DeSales University,"Center Valley, PA",PA,1060/25,1060,25,53600,27400,94,26000,47400,-6200,21400,-75.3792986,40.5387807
462,University of Northwestern-St Paul,"Saint Paul, MN",MN,1100/24,1100,24,44400,25600,97,22100,42900,-1500,20800,-93.168573,45.031563
464,Framingham State University,"Framingham, MA",MA,990/23,990,23,26800,18300,81,24700,46900,20100,22200,-71.436075,42.2981072
465,University of Nevada-Reno,"Reno, NV",NV,1090/24,1090,24,24800,16100,77,18800,50300,25500,31500,-119.816397,39.5441917
466,University of Wisconsin-River Falls,"River Falls, WI",WI,NA/23,NA,23,20400,15100,57,22700,44400,24000,21700,-92.6206021,44.8526697
467,Saint Edward's University,"Austin, TX",TX,1110/25,1110,25,60100,26400,90,25300,45600,-14500,20300,-97.7538582,30.2297224
468,Franklin College,"Franklin, IN",IN,970/22,970,22,45400,23700,100,27000,45100,-300,18100,-86.045479,39.478646
469,Lincoln Memorial University,"Harrogate, TN",TN,1000/22,1000,22,37400,17500,NA,17000,41100,3700,24100,-83.6607601,36.576972
470,University of North Carolina School of the Arts,"Winston-Salem, NC",NC,1140/25,1140,25,22500,14400,86,27000,44200,21700,17200,-80.237011,36.076292
471,Biola University,"La Mirada, CA",CA,1090/24,1090,24,55800,34700,98,24500,47000,-8800,22500,-118.0151797,33.9054476
472,Wagner College,"Staten Island, NY",NY,NA/NA,NA,NA,63700,29200,99,26400,53900,-9800,27500,-74.0944049,40.6149796
472,Central Connecticut State University,"New Britain, CT",CT,1000/22,1000,22,25800,15900,61,22500,49900,24100,27400,-72.764167,41.693255
474,American University,"Washington, DC",DC,1250/29,1250,29,65800,34100,87,24300,51800,-14000,27500,-77.0888029,38.9374948
474,Lakeland University,"Plymouth, WI",WI,910/19,910,19,42200,22800,86,25500,45200,3000,19700,-87.8848303,43.8418672
476,Marian University,"Fond Du Lac, WI",WI,NA/20,NA,20,39900,23200,98,27000,46100,6200,19100,-86.2035016,39.8146979
477,Xavier University,"Cincinnati, OH",OH,1100/26,1100,26,53600,29800,67,27000,48600,-5000,21600,-84.4745119,39.1493644
478,Washington & Jefferson College,"Washington, PA",PA,NA/NA,NA,NA,61600,29100,85,27000,45800,-15800,18800,-120.7401385,47.7510741
479,Willamette University,"Salem, OR",OR,NA/NA,NA,NA,63800,35000,99,26000,47700,-16100,21700,-123.0299071,44.9355088
480,Longwood University,"Farmville, VA",VA,970/21,970,21,27600,20200,76,25000,44500,16900,19500,-78.3961973,37.2971798
481,University of Puget Sound,"Tacoma, WA",WA,NA/NA,NA,NA,65000,43400,99,27000,50500,-14500,23500,-122.481455,47.261764
482,Otis College of Art and Design,"Los Angeles, CA",CA,NA/NA,NA,NA,66200,42300,99,27000,49600,-16600,22600,-118.4174056,33.9563229
482,Iona College,"New Rochelle, NY",NY,1000/23,1000,23,57200,29000,41,26000,52000,-5200,26000,-73.7864435,40.9271278
484,MidAmerica Nazarene University,"Olathe, KS",KS,890/22,890,22,43100,19800,96,18800,45700,2600,26900,-94.7823676,38.8760668
484,Texas State University,"San Marcos, TX",TX,1030/23,1030,23,23200,13600,81,21300,46900,23700,25600,-97.938351,29.888411
486,Ball State University,"Muncie, IN",IN,1080/22,1080,22,24900,14400,59,25000,43100,18200,18100,-85.406986,40.2061028
487,Unity College,"Unity, ME",ME,NA/NA,NA,NA,41500,27000,100,27000,38400,-3100,11400,-69.332298,44.6039934
488,The Sage Colleges,"Troy, NY",NY,NA/NA,NA,NA,46500,21600,74,23300,43200,-3300,19900,-73.6938348,42.728267
489,Georgian Court University,"Lakewood, NJ",NJ,950/20,950,20,52200,24000,97,25000,42700,-9500,17700,-74.226609,40.0988128
490,Trinity College,"Hartford, CT",CT,NA/NA,NA,NA,73200,25100,97,21000,55600,-17600,34600,-72.6903345,41.7479332
491,William Paterson University of New Jersey,"Wayne, NJ",NJ,990/NA,990,NA,29400,16700,68,24500,47800,18400,23300,-74.1981377,40.9460061
492,Sarah Lawrence College,"Bronxville, NY",NY,1290/29,1290,29,72000,35300,97,13500,47600,-24400,34100,-73.8433974,40.9360524
493,Ripon College,"Ripon, WI",WI,1010/24,1010,24,53600,22400,99,28000,43600,-10000,15600,-88.8409595,43.8432217
494,Felician University,"Lodi, NJ",NJ,900/19,900,19,51800,19000,83,25000,51500,-300,26500,-74.1121159,40.8304574
495,Catholic University of America,"Washington, DC",DC,NA/NA,NA,NA,64000,38700,98,26100,52800,-11200,26700,-76.998692,38.9368811
496,West Virginia University,"Morgantown, WV",WV,1020/24,1020,24,23000,11600,70,24000,50800,27800,26800,-79.9559358,39.6361396
497,Emmanuel College,"Boston, MA",MA,1120/25,1120,25,58200,34200,100,27000,46700,-11500,19700,-71.1022899,42.3410214
498,Franciscan University of Steubenville,"Steubenville, OH",OH,1170/25,1170,25,38700,28300,99,22000,44400,5700,22400,-80.6244016,40.3772094
499,Butler University,"Indianapolis, IN",IN,1160/28,1160,28,58100,35700,98,27000,48900,-9200,21900,-86.1711908,39.8411235
500,Southwestern University,"Georgetown, TX",TX,1170/26,1170,26,55600,27500,99,26900,50300,-5300,23400,-97.6651268,30.6349251
501,Valparaiso University,"Valparaiso, IN",IN,1100/26,1100,26,54300,24300,100,27000,50700,-3600,23700,-87.042381,41.463273
501,Baylor University,"Waco, TX",TX,1220/28,1220,28,61700,39000,97,25000,51600,-10100,26600,-97.1143046,31.5497007
501,Point Loma Nazarene University,"San Diego, CA",CA,1140/26,1140,26,51000,32200,94,25000,48300,-2700,23300,-117.250694,32.716863
504,North Central College,"Naperville, IL",IL,1080/25,1080,25,52500,26000,100,25000,47200,-5300,22200,-88.1434071,41.772834
504,University of Tulsa,"Tulsa, OK",OK,1250/30,1250,30,60900,29300,36,27000,55800,-5100,28800,-95.946,36.1519879
506,Covenant College,"Lookout Mountain, GA",GA,1180/27,1180,27,47000,26600,99,21500,41700,-5300,20200,-85.3751114,34.9646194
507,Simpson College,"Indianola, IA",IA,1080/24,1080,24,51400,25100,98,27000,46500,-4900,19500,-93.563626,41.364988
508,Agnes Scott College,"Decatur, GA",GA,NA/NA,NA,NA,55400,22900,100,27000,42900,-12500,15900,-84.2945537,33.7692226
509,SUNY at Fredonia,"Fredonia, NY",NY,1010/25,1010,25,24200,17800,74,25000,41800,17600,16800,-79.3403633,42.4538665
510,Christopher Newport University,"Newport News, VA",VA,1160/26,1160,26,30400,24300,65,25000,47300,16900,22300,-76.4944131,37.064674
511,St Francis College,"Brooklyn Heights, NY",NY,930/21,930,21,45600,15900,98,24400,49300,3700,24900,-73.992165,40.69323
512,University of Mississippi,"Oxford, MS",MS,1120/26,1120,26,25400,15800,85,20000,45700,20300,25700,-89.538443,34.3647324
513,Creighton University,"Omaha, NE",NE,1170/27,1170,27,54700,32600,96,25300,50000,-4700,24700,-95.9471919,41.2653105
514,Northwestern College,"Orange City, IA",IA,1040/25,1040,25,44700,24300,96,25100,42200,-2500,17100,-96.0582598,42.9979484
515,The College of Saint Rose,"Albany, NY",NY,NA/NA,NA,NA,48400,25000,81,23500,41700,-6700,18200,-73.7856653,42.6640994
516,Walsh University,"North Canton, OH",OH,1000/22,1000,22,44200,21700,80,27800,44900,700,17100,-81.3688395,40.8740394
517,Ohio Wesleyan University,"Delaware, OH",OH,NA/NA,NA,NA,61800,30000,100,27000,47800,-14000,20800,-83.0693059,40.2964786
518,University of Wisconsin-Stevens Point,"Stevens Point, WI",WI,NA/23,NA,23,19400,13500,74,24400,43000,23600,18600,-89.5713776,44.5294468
519,Saint Ambrose University,"Davenport, IA",IA,NA/23,NA,23,45900,25800,99,25800,44500,-1400,18700,-90.5807611,41.5404254
520,University of Hawaii at Manoa,"Honolulu, HI",HI,1080/23,1080,23,30200,14500,94,18800,48600,18400,29800,-157.8171118,21.296939
521,Northern State University,"Aberdeen, SD",SD,960/21,960,21,21800,15400,83,24400,41700,19900,17300,-98.4844923,45.4510995
522,Mount St Mary's University,"Emmitsburg, MD",MD,1050/22,1050,22,57400,32700,99,26000,46400,-11000,20400,-77.3490013,39.6807058
523,University of North Carolina Wilmington,"Wilmington, NC",NC,1200/24,1200,24,25200,17400,92,20500,43400,18200,22900,-77.8701325,34.2239869
524,Oberlin College,"Oberlin, OH",OH,1350/31,1350,31,73000,45200,99,26600,49400,-23600,22800,-82.2236001,41.293483
524,Earlham College,"Richmond, IN",IN,NA/NA,NA,NA,60100,24200,100,26000,46000,-14100,20000,-84.913052,39.8208853
526,Whittier College,"Whittier, CA",CA,1030/23,1030,23,62900,27500,88,25500,47000,-15900,21500,-118.0322857,33.9787488
527,University of North Carolina at Asheville,"Asheville, NC",NC,1150/26,1150,26,20400,12400,94,20600,40900,20500,20300,-82.5673128,35.616292
528,University of North Texas,"Denton, TX",TX,1090/24,1090,24,24500,11200,68,20000,46800,22300,26800,-97.1525862,33.207488
529,University of the Sciences,"Philadelphia, PA",PA,1170/26,1170,26,61500,37400,68,27000,54000,-7500,27000,-75.2070979,39.9468299
530,Grace College and Theological Seminary,"Winona Lake, IN",IN,1050/24,1050,24,34800,19400,95,21500,41100,6300,19600,-85.8158719,41.2259141
531,Texas A & M University-Commerce,"Commerce, TX",TX,980/21,980,21,22200,9700,90,20500,44200,22000,23700,-96.4803466,30.6384561
532,Salem State University,"Salem, MA",MA,990/22,990,22,26900,17800,NA,24000,45600,18700,21600,-70.890682,42.503103
533,Carroll College,"Helena, MT",MT,1110/25,1110,25,49700,27300,99,27000,45600,-4100,18600,-112.03888,46.600734
534,Nazareth College,"Rochester, NY",NY,NA/NA,NA,NA,50600,30500,100,26500,41400,-9200,14900,-77.520027,43.1030175
535,St Bonaventure University,"Saint Bonaventure, NY",NY,1050/24,1050,24,48500,25100,100,27000,45700,-2800,18700,-78.4828822,42.0784113
536,Robert Morris University Illinois,"Chicago, IL",IL,NA/NA,NA,NA,46400,22800,91,24500,42600,-3800,18100,-87.6271937,41.8763084
537,University of North Florida,"Jacksonville, FL",FL,1130/24,1130,24,21700,14500,64,16000,45600,23900,29600,-81.5072314,30.2661204
538,University of Kentucky,"Lexington, KY",KY,1130/26,1130,26,30200,19200,46,22800,48400,18200,25600,-84.5039697,38.0306511
538,Chapman University,"Orange, CA",CA,1210/28,1210,28,71100,43700,90,20900,49200,-21900,28300,-117.8513503,33.7933476
540,The University of Tennessee-Knoxville,"Knoxville, TN",TN,1150/27,1150,27,31700,22300,88,20000,48000,16300,28000,-83.9294564,35.9544013
541,Pratt Institute-Main,"Brooklyn, NY",NY,1170/27,1170,27,66900,47500,50,26300,49900,-17000,23600,-73.9989401,40.7380797
542,King's College,"Wilkes-Barre, PA",PA,NA/NA,NA,NA,53300,27800,100,27000,44100,-9200,17100,-75.8792853,41.2499673
543,Eastern Illinois University,"Charleston, IL",IL,NA/21,NA,21,24200,15900,75,23700,43800,19600,20100,-88.1751507,39.4836717
544,Hanover College,"Hanover, IN",IN,1050/25,1050,25,51700,24600,100,27000,44800,-6900,17800,-85.4623681,38.7192502
545,Baldwin Wallace University,"Berea, OH",OH,NA/NA,NA,NA,47100,24000,100,27000,44500,-2600,17500,-81.8478088,41.3711165
546,Rhode Island School of Design,"Providence, RI",RI,1210/27,1210,27,69200,42300,91,27000,50500,-18700,23500,-71.407492,41.826111
547,Shippensburg University of Pennsylvania,"Shippensburg, PA",PA,970/21,970,21,28900,19700,74,25000,46200,17300,21200,-77.5234365,40.0603939
548,Alfred University,"Alfred, NY",NY,1030/23,1030,23,44700,23700,99,27000,48600,3900,21600,-77.7862799,42.2554523
549,University of Dallas,"Irving, TX",TX,1170/27,1170,27,56200,27100,98,24000,49100,-7100,25100,-96.9216857,32.8481339
550,Judson University,"Elgin, IL",IL,1070/22,1070,22,43800,26500,34,23000,41900,-1900,18900,-88.2901505,42.0598247
550,Westminster College,"Salt Lake City, UT",UT,1110/25,1110,25,48900,26400,99,25000,48800,-100,23800,-91.9544836,38.8500391
552,Bridgewater State University,"Bridgewater, MA",MA,990/22,990,22,26800,16900,75,24600,44700,17900,20100,-70.9660014,41.9877398
553,Harding University,"Searcy, AR",AR,1100/25,1100,25,30700,19700,92,27000,46100,15400,19100,-91.7235465,35.245152
554,University of Missouri-St Louis,"Saint Louis, MO",MO,1010/24,1010,24,25300,9400,82,21000,45800,20500,24800,-90.30828,38.7092401
555,Wilkes University,"Wilkes-Barre, PA",PA,1010/23,1010,23,55300,26900,98,26000,48200,-7100,22200,-75.888107,41.2448632
555,Goldey-Beacom College,"Wilmington, DE",DE,NA/NA,NA,NA,39600,16900,NA,23700,47700,8100,24000,-75.6895335,39.7415725
557,Marian University,"Indianapolis, IN",IN,1020/22,1020,22,49100,22600,43,27000,47600,-1500,20600,-86.2035016,39.8146979
557,Benedictine College,"Atchison, KS",KS,1060/25,1060,25,44700,26600,100,27000,45800,1100,18800,-95.1113744,39.5731522
559,Western Carolina University,"Cullowhee, NC",NC,1020/23,1020,23,22000,14700,91,22000,42400,20400,20400,-83.1829254,35.3092494
560,University of Central Missouri,"Warrensburg, MO",MO,NA/23,NA,23,20000,14600,62,22400,44400,24400,22000,-93.7383724,38.7580823
561,SUNY Buffalo State,"Buffalo, NY",NY,880/20,880,20,25800,12900,90,21400,40800,15000,19400,-78.8818886,42.9335369
562,Robert Morris University,"Moon Township, PA",PA,1040/24,1040,24,47400,26300,98,27000,47400,0,20400,-80.2119216,40.5215511
563,Geneva College,"Beaver Falls, PA",PA,1070/25,1070,25,39000,21700,100,25300,44800,5800,19500,-80.3218472,40.7713156
564,Coe College,"Cedar Rapids, IA",IA,1150/25,1150,25,56600,23500,100,28100,46000,-10600,17900,-91.6591287,41.9884283
565,Reed College,"Portland, OR",OR,1380/31,1380,31,71500,29900,98,16000,51100,-20400,35100,-122.6303724,45.4809782
566,Union University,"Jackson, TN",TN,1160/27,1160,27,53000,27700,59,24800,44300,-8700,19500,-88.8595906,35.6773778
567,Dominican College of Blauvelt,"Orangeburg, NY",NY,890/19,890,19,46700,21200,96,26000,47800,1100,21800,-73.9498626,41.0396992
567,The Master's University and Seminary,"Santa Clarita, CA",CA,1080/25,1080,25,48900,28600,97,20500,45100,-3800,24600,-118.519341,34.38247
569,Cabrini University,"Radnor, PA",PA,970/21,970,21,47900,26800,100,26800,46000,-1900,19200,-75.3740633,40.0553552
570,George Fox University,"Newberg, OR",OR,1080/24,1080,24,50100,30000,100,22400,49300,-800,26900,-122.9667381,45.3033817
571,Ashland University,"Ashland, OH",OH,1060/23,1060,23,34800,22100,91,26300,41800,7000,15500,-82.323051,40.8619296
571,Southern Connecticut State University,"New Haven, CT",CT,930/21,930,21,26500,16100,66,23300,46600,20100,23300,-72.947462,41.332566
571,Keiser University-Ft Lauderdale,"Fort Lauderdale, FL",FL,NA/NA,NA,NA,32200,28300,NA,25800,42500,10300,16700,-80.1637775,26.1859607
574,New College of Florida,"Sarasota, FL",FL,1250/29,1250,29,21100,12800,92,14900,43700,22600,28800,-82.558703,27.384828
575,University of North Carolina at Greensboro,"Greensboro, NC",NC,1040/23,1040,23,21200,11200,67,22700,41900,20700,19200,-79.8101975,36.0689296
576,SUNY at Purchase College,"Purchase, NY",NY,1080/24,1080,24,27000,19500,98,22500,45500,18500,23000,-73.7004189,41.0470389
577,North Carolina A & T State University,"Greensboro, NC",NC,930/20,930,20,18300,10300,82,29000,49300,31000,20300,-79.7740341,36.0874382
578,Hood College,"Frederick, MD",MD,NA/NA,NA,NA,56200,25600,100,27000,44400,-11800,17400,-77.4202024,39.4213829
579,University of Michigan-Dearborn,"Dearborn, MI",MI,NA/25,NA,25,22600,12200,78,25800,52400,29800,26600,-83.233202,42.318409
579,North Park University,"Chicago, IL",IL,1020/21,1020,21,42400,21600,NA,26300,44800,2400,18500,-87.7106078,41.9747121
581,Centenary University,"Hackettstown, NJ",NJ,940/18,940,18,49500,23500,98,25500,42600,-6900,17100,-74.834384,40.8474559
582,Xavier University of Louisiana,"New Orleans, LA",LA,1000/23,1000,23,37300,18700,67,26500,44700,7400,18200,-90.107084,29.963863
583,Eastern Mennonite University,"Harrisonburg, VA",VA,1030/24,1030,24,50800,25200,99,23500,43600,-7200,20100,-78.8773972,38.4726203
584,Gordon College,"Wenham, MA",MA,1050/26,1050,26,51100,31400,100,27000,44700,-6400,17700,-70.8209286,42.5893751
585,The Evergreen State College,"Olympia, WA",WA,1050/23,1050,23,21900,14400,87,17600,44500,22600,26900,-122.9770785,47.0729029
586,The University of Montana-Western,"Dillon, MT",MT,1060/19,1060,19,18900,11600,66,20900,35900,17000,15000,-112.6388619,45.2086889
587,University of Louisville,"Louisville, KY",KY,NA/26,NA,26,27100,17400,90,19700,47000,19900,27300,-85.7585023,38.2122761
588,Emerson College,"Boston, MA",MA,1230/28,1230,28,66900,42200,88,23500,46800,-20100,23300,-71.06581,42.3522216
588,Notre Dame de Namur University,"Belmont, CA",CA,910/20,910,20,55700,31000,100,25200,53500,-2200,28300,-122.28487,37.517299
590,The College of Wooster,"Wooster, OH",OH,1210/27,1210,27,63400,32000,97,26000,45800,-17600,19800,-81.9372838,40.8114268
591,California Institute of the Arts,"Valencia, CA",CA,NA/NA,NA,NA,70600,54200,99,28500,48200,-22400,19700,-118.5668378,34.3930631
592,William Jewell College,"Liberty, MO",MO,1130/25,1130,25,49100,24500,91,25000,48200,-900,23200,-94.412117,39.2473119
593,Eastern Connecticut State University,"Willimantic, CT",CT,NA/NA,NA,NA,27700,18300,70,23000,46300,18600,23300,-72.2177529,41.721443
594,Wittenberg University,"Springfield, OH",OH,NA/NA,NA,NA,53300,27200,97,27000,48400,-4900,21400,-83.8139029,39.9365496
595,Plymouth State University,"Plymouth, NH",NH,NA/NA,NA,NA,29000,22400,64,27000,43500,14500,16500,-71.6882543,43.7595034
596,Andrews University,"Berrien Springs, MI",MI,1100/25,1100,25,40700,23600,68,27000,44400,3700,17400,-86.3626873,41.9637177
597,Neumann University,"Aston, PA",PA,890/18,890,18,47100,24300,83,27000,48200,1100,21200,-75.4401881,39.8756289
598,Missouri State University-Springfield,"Springfield, MO",MO,1090/24,1090,24,21600,16000,80,22500,43000,21400,20500,-93.2806806,37.2005546
599,Gallaudet University,"Washington, DC",DC,890/17,890,17,38100,14600,98,16500,41900,3800,25400,-76.9923875,38.908422
600,Hofstra University,"Hempstead, NY",NY,1170/27,1170,27,62700,34500,95,23500,53000,-9700,29500,-73.5994041,40.716792
601,Fisher College,"Boston, MA",MA,NA/NA,NA,NA,52700,28200,85,19200,42800,-9900,23600,-71.0741699,42.35531
602,Mercer University,"Macon, GA",GA,1200/27,1200,27,52500,22200,99,25000,46600,-5900,21600,-83.6497769,32.8288186
603,Central Michigan University,"Mount Pleasant, MI",MI,1020/23,1020,23,24700,15300,78,27000,45000,20300,18000,-84.7756364,43.5819086
604,Samford University,"Birmingham, AL",AL,1130/26,1130,26,47600,31700,95,22500,45800,-1800,23300,-86.793631,33.4647494
605,Northern Arizona University,"Flagstaff, AZ",AZ,NA/NA,NA,NA,27600,15800,69,20000,46700,19100,26700,-111.6547075,35.1851895
605,Everglades University,"Boca Raton, FL",FL,NA/NA,NA,NA,27100,26800,NA,40900,44800,17700,3900,-80.106239,26.3917512
607,Grand View University,"Des Moines, IA",IA,960/21,960,21,39900,20700,90,23900,42700,2800,18800,-93.600298,41.6207345
608,Ouachita Baptist University,"Arkadelphia, AR",AR,1080/25,1080,25,38500,20200,99,22500,42600,4100,20100,-93.0519992,34.1274257
609,Washington College,"Chestertown, MD",MD,NA/NA,NA,NA,62500,35100,92,24300,49900,-12600,25600,-76.0692262,39.2180241
610,Roger Williams University,"Bristol, RI",RI,NA/NA,NA,NA,54000,37900,69,27000,50000,-4000,23000,-71.2594597,41.6510618
611,The University of Alabama,"Tuscaloosa, AL",AL,1110/27,1110,27,30100,21600,75,23800,49000,18900,25200,-87.5391418,33.2140233
612,Tuskegee University,"Tuskegee, AL",AL,1000/22,1000,22,40300,30600,73,32100,50700,10400,18600,-85.7072853,32.430678
613,Carroll University,"Waukesha, WI",WI,1050/24,1050,24,45200,26000,100,27000,43300,-1900,16300,-88.2285112,43.0044874
614,Eureka College,"Eureka, IL",IL,1020/22,1020,22,37600,19800,100,25400,41600,4000,16200,-89.267575,40.71398
615,Virginia Commonwealth University,"Richmond, VA",VA,1090/24,1090,24,31900,22100,68,23300,47000,15100,23700,-77.4509718,37.5495048
615,Western Michigan University,"Kalamazoo, MI",MI,1010/22,1010,22,25700,16600,70,26600,48100,22400,21500,-85.6102507,42.2837336
617,Western Illinois University,"Macomb, IL",IL,NA/21,NA,21,26500,17700,68,24700,44100,17600,19400,-90.685397,40.4726649
618,University of Cincinnati-Main Campus,"Cincinnati, OH",OH,1160/26,1160,26,28800,21500,42,23000,50700,21900,27700,-84.5149504,39.1329219
619,Cornell College,"Mount Vernon, IA",IA,1120/26,1120,26,57300,30000,100,27000,45200,-12100,18200,-91.4253502,41.9269546
620,St Thomas University,"Miami Gardens, FL",FL,950/19,950,19,48300,20200,NA,22800,44400,-3900,21600,-80.2564271,25.9223793
620,Vanguard University of Southern California,"Costa Mesa, CA",CA,930/21,930,21,47900,23400,62,25000,45200,-2700,20200,-117.9016912,33.6618632
622,Milwaukee Institute of Art & Design,"Milwaukee, WI",WI,NA/NA,NA,NA,49100,26800,99,27000,42100,-7000,15100,-87.9079231,43.0309118
623,Kutztown University of Pennsylvania,"Kutztown, PA",PA,980/20,980,20,27700,20800,62,26100,42600,14900,16500,-75.7834225,40.5100878
624,Millersville University of Pennsylvania,"Millersville, PA",PA,1030/22,1030,22,29600,20000,71,25500,45000,15400,19500,-76.3527392,39.9987943
624,SUNY College of Agriculture and Technology at Cobleskill,"Cobleskill, NY",NY,1010/22,1010,22,25400,15900,80,17400,39300,13900,21900,-74.498279,42.671702
626,University of the Incarnate Word,"San Antonio, TX",TX,900/19,900,19,47900,23000,100,27200,44200,-3700,17000,-98.4676217,29.4675939
627,Howard University,"Washington, DC",DC,1140/25,1140,25,44200,24400,63,27000,52200,8000,25200,-77.0194377,38.9226843
628,University of South Carolina-Upstate,"Spartanburg, SC",SC,950/21,950,21,25500,15500,67,22500,43500,18000,21000,-81.9712719,34.9992469
629,East Stroudsburg University of Pennsylvania,"East Stroudsburg, PA",PA,940/22,940,22,23500,17600,67,25000,42700,19200,17700,-75.172533,40.9970909
630,College for Creative Studies,"Detroit, MI",MI,NA/23,NA,23,59200,37900,NA,27000,48200,-11000,21200,-83.0627864,42.3613975
630,Rockford University,"Rockford, IL",IL,1080/22,1080,22,44200,25000,99,25000,44200,0,19200,-89.0187448,42.2688933
632,University of Alabama at Birmingham,"Birmingham, AL",AL,1140/25,1140,25,26700,17300,89,21500,46000,19300,24500,-86.8064447,33.5021227
633,Massachusetts College of Liberal Arts,"North Adams, MA",MA,1010/23,1010,23,25200,16100,84,24700,41400,16200,16700,-73.1033372,42.691554
634,Bridgewater College,"Bridgewater, VA",VA,1010/23,1010,23,50900,21700,100,27000,41800,-9100,14800,-78.969386,38.378879
635,La Roche College,"Pittsburgh, PA",PA,920/20,920,20,43600,24100,80,26000,41700,-1900,15700,-80.0140875,40.5683018
636,Millsaps College,"Jackson, MS",MS,1140/26,1140,26,56600,24500,100,27000,47100,-9500,20100,-90.1782623,32.322401
637,Abilene Christian University,"Abilene, TX",TX,1050/24,1050,24,49500,28900,99,25300,46400,-3100,21100,-99.708098,32.469732
638,Hampden-Sydney College,"Hampden-Sydney, VA",VA,1120/25,1120,25,61800,35700,100,27000,54800,-7000,27800,-78.4610298,37.2403758
639,California Baptist University,"Riverside, CA",CA,980/22,980,22,47100,27800,75,27000,43300,-3800,16300,-117.4255589,33.9284053
640,Mercy College,"Dobbs Ferry, NY",NY,NA/NA,NA,NA,38200,17200,87,23700,44300,6100,20600,-73.8745391,41.0221144
641,Alma College,"Alma, MI",MI,1030/24,1030,24,53700,23100,99,27000,45700,-8000,18700,-84.6728043,43.3807565
641,Southern Wesleyan University,"Central, SC",SC,NA/NA,NA,NA,37700,16000,100,27000,41600,3900,14600,-82.7652118,34.7278305
643,California University of Pennsylvania,"California, PA",PA,920/19,920,19,27000,19100,83,25000,41700,14700,16700,-79.8841908,40.0641123
644,Hendrix College,"Conway, AR",AR,1230/29,1230,29,61500,24500,100,27000,45800,-15700,18800,-92.4420118,35.1000469
644,Cleveland Institute of Art,"Cleveland, OH",OH,1120/23,1120,23,58600,32900,100,29000,44000,-14600,15000,-81.6024146,41.5104317
646,Springfield College,"Springfield, MA",MA,1010/26,1010,26,54000,30500,100,24500,42300,-11700,17800,-72.5565631,42.1022292
647,Hampton University,"Hampton, VA",VA,950/22,950,22,41500,26200,95,27000,49500,8000,22500,-76.3343603,37.0228392
648,Caldwell University,"Caldwell, NJ",NJ,960/21,960,21,51400,20400,98,25800,44300,-7100,18500,-74.2719702,40.8339629
649,Claflin University,"Orangeburg, SC",SC,890/19,890,19,33400,18500,95,32200,35100,1700,2900,-80.8532251,33.4988288
650,La Sierra University,"Riverside, CA",CA,910/19,910,19,46500,25100,100,30000,46200,-300,16200,-117.4995321,33.9114816
651,Old Dominion University,"Norfolk, VA",VA,1010/22,1010,22,26200,16300,76,23500,47200,21000,23700,-76.3067777,36.8856104
652,Georgia State University,"Atlanta, GA",GA,1070/23,1070,23,26600,15600,73,23700,47300,20700,23600,-84.3852819,33.753068
653,Georgia College and State University,"Milledgeville, GA",GA,1130/24,1130,24,28800,21200,40,22000,43300,14500,21300,-83.2318054,33.0798884
654,Whitworth University,"Spokane, WA",WA,1130/26,1130,26,59200,29900,99,26000,46800,-12400,20800,-117.4178623,47.7548728
654,Minneapolis College of Art and Design,"Minneapolis, MN",MN,1070/23,1070,23,50900,29200,99,25800,43300,-7600,17500,-93.2746532,44.956828
656,Columbus College of Art and Design,"Columbus, OH",OH,NA/NA,NA,NA,50300,25200,99,27000,42000,-8300,15000,-82.990025,39.964885
657,Goucher College,"Baltimore, MD",MD,NA/NA,NA,NA,61200,34500,100,26000,47100,-14100,21100,-76.596545,39.408765
658,Siena Heights University,"Adrian, MI",MI,NA/NA,NA,NA,39800,18800,NA,17700,42500,2700,24800,-84.0175653,41.9057124
659,Berry College,"Mount Berry, GA",GA,1150/27,1150,27,51800,26600,100,23000,42000,-9800,19000,-85.189199,34.290361
660,College of Charleston,"Charleston, SC",SC,1100/25,1100,25,30400,20300,67,21500,44100,13700,22600,-79.9371762,32.7836117
661,SUNY College at Potsdam,"Potsdam, NY",NY,NA/NA,NA,NA,24700,15300,83,25000,40600,15900,15600,-74.9761059,44.6643102
662,California College of the Arts,"San Francisco, CA",CA,NA/NA,NA,NA,66500,41100,100,28000,52500,-14000,24500,-122.2502897,37.8362513
663,Spring Arbor University,"Spring Arbor, MI",MI,1020/22,1020,22,40900,19800,99,24000,39800,-1100,15800,-84.554722,42.205833
664,Brenau University,"Gainesville, GA",GA,950/22,950,22,46000,21100,98,27000,42600,-3400,15600,-83.8204642,34.3043549
665,Chaminade University of Honolulu,"Honolulu, HI",HI,970/21,970,21,42500,20000,93,22500,43200,700,20700,-157.8073979,21.2905834
666,Cumberland University,"Lebanon, TN",TN,930/21,930,21,37100,22300,47,21700,43200,6100,21500,-86.2987567,36.2046241
667,Alverno College,"Milwaukee, WI",WI,NA/NA,NA,NA,41400,20300,99,31700,44200,2800,12500,-87.9636173,42.9835246
668,Carthage College,"Kenosha, WI",WI,1030/24,1030,24,58600,29600,100,27000,46200,-12400,19200,-87.8198185,42.6238133
669,Bennington College,"Bennington, VT",VT,NA/NA,NA,NA,72500,39800,99,26000,45800,-26700,19800,-73.2359361,42.9203078
670,Maryland Institute College of Art,"Baltimore, MD",MD,1160/25,1160,25,64400,45000,NA,27000,45300,-19100,18300,-76.6216339,39.307555
671,Westminster College,"Fulton, MO",MO,1020/24,1020,24,41500,22100,100,26400,47200,5700,20800,-91.9544836,38.8500391
672,Western Kentucky University,"Bowling Green, KY",KY,980/23,980,23,22000,12300,63,24300,43100,21100,18800,-86.456138,36.9853543
673,SUNY College of Technology at Delhi,"Delhi, NY",NY,NA/NA,NA,NA,24800,15000,NA,15300,41300,16500,26000,-74.9241128,42.2704551
673,Mansfield University of Pennsylvania,"Mansfield, PA",PA,960/21,960,21,29400,18300,69,27000,41800,12400,14800,-77.070428,41.8047541
673,Spalding University,"Louisville, KY",KY,990/21,990,21,37700,22400,NA,25000,44000,6300,19000,-85.7574196,38.2414273
676,Thomas College,"Waterville, ME",ME,NA/NA,NA,NA,40700,22100,99,27000,44200,3500,17200,-69.6635795,44.5248638
677,Asbury University,"Wilmore, KY",KY,1120/25,1120,25,41500,25500,69,25900,37400,-4100,11500,-84.6648724,37.8636408
678,Mercyhurst University,"Erie, PA",PA,NA/NA,NA,NA,53000,23200,100,26700,42200,-10800,15500,-80.0536593,42.1050703
679,Stetson University,"DeLand, FL",FL,NA/NA,NA,NA,62800,27100,99,27000,44100,-18700,17100,-81.3032406,29.0349641
680,Rollins College,"Winter Park, FL",FL,NA/NA,NA,NA,69400,38400,100,26000,45700,-23700,19700,-81.348326,28.592242
681,Florida Agricultural and Mechanical University,"Tallahassee, FL",FL,990/22,990,22,23400,14100,86,28500,45900,22500,17400,-84.28754,30.4214679
682,Ringling College of Art and Design,"Sarasota, FL",FL,NA/NA,NA,NA,67100,47700,100,27000,45000,-22100,18000,-82.5476801,27.3602556
683,Georgia Southern University,"Statesboro, GA",GA,1110/24,1110,24,23400,17300,82,23000,46300,22900,23300,-81.7865347,32.4205489
684,Eastern University,"Saint Davids, PA",PA,1040/21,1040,21,49400,24600,85,26500,42700,-6700,16200,-75.3707195,40.0516866
685,Morehouse College,"Atlanta, GA",GA,980/22,980,22,49900,33700,83,27000,52100,2200,25100,-84.4138651,33.7459553
686,Champlain College,"Burlington, VT",VT,1130/25,1130,25,59400,41200,96,26600,48800,-10600,22200,-73.2041352,44.4731165
687,Roanoke College,"Salem, VA",VA,1090/24,1090,24,60800,32200,98,27000,45200,-15600,18200,-80.054927,37.294248
688,Bluffton University,"Bluffton, OH",OH,NA/22,NA,22,47300,27000,99,27000,39200,-8100,12200,-83.8991674,40.8968793
689,Davenport University,"Grand Rapids, MI",MI,NA/NA,NA,NA,31400,18000,NA,26800,43700,12300,16900,-85.530676,42.849392
690,Belmont University,"Nashville, TN",TN,1150/27,1150,27,52000,37200,88,21800,44000,-8000,22200,-86.7940699,36.1328981
691,Bowling Green State University-Main Campus,"Bowling Green, OH",OH,1030/22,1030,22,25200,18600,82,26000,44500,19300,18500,-83.6300826,41.3797788
691,Johnson & Wales University-Providence,"Providence, RI",RI,NA/NA,NA,NA,50400,30300,86,26900,44500,-5900,17600,-72.6615081,44.6400507
693,Mills College,"Oakland, CA",CA,1080/26,1080,26,65300,29700,92,23500,47300,-18000,23800,-122.1878385,37.7826845
694,Ohio University-Main Campus,"Athens, OH",OH,1100/24,1100,24,27900,23500,77,20500,48300,20400,27800,-82.1013889,39.324358
695,Indiana University of Pennsylvania-Main Campus,"Indiana, PA",PA,950/20,950,20,28000,18500,67,27000,44200,16200,17200,-79.1614669,40.6140124
696,Winthrop University,"Rock Hill, SC",SC,1020/23,1020,23,28900,17900,91,27000,41600,12700,14600,-81.0321286,34.939393
697,North Carolina Central University,"Durham, NC",NC,880/18,880,18,22700,11600,83,31000,41600,18900,10600,-78.8981013,35.974737
698,Edinboro University of Pennsylvania,"Edinboro, PA",PA,950/20,950,20,26000,15400,93,27000,40200,14200,13200,-80.1208028,41.871572
699,Point Park University,"Pittsburgh, PA",PA,1000/23,1000,23,45800,23900,99,27000,42500,-3300,15500,-80.0012691,40.4385028
700,Kansas City Art Institute,"Kansas City, MO",MO,1090/23,1090,23,55800,31100,100,27000,41600,-14200,14600,-94.5834014,39.046666
701,Guilford College,"Greensboro, NC",NC,NA/NA,NA,NA,52000,28600,86,26600,40800,-11200,14200,-79.8887399,36.0917988
702,Upper Iowa University,"Fayette, IA",IA,870/21,870,21,45300,25100,85,24000,43100,-2200,19100,-91.7996054,42.8410176
703,Virginia State University,"Petersburg, VA",VA,820/17,820,17,23100,16400,80,29500,42600,19500,13100,-77.4198721,37.2384613
704,Tiffin University,"Tiffin, OH",OH,NA/NA,NA,NA,38700,22500,97,26100,42600,3900,16500,-83.1844686,41.1185912
705,Birmingham Southern College,"Birmingham, AL",AL,1090/26,1090,26,53700,26400,68,26900,45600,-8100,18700,-86.8510103,33.5159411
706,Olivet College,"Olivet, MI",MI,1030/21,1030,21,40900,22500,93,27000,43300,2400,16300,-84.9248939,42.4431108
707,Eckerd College,"Saint Petersburg, FL",FL,1110/25,1110,25,60600,36000,99,27000,45300,-15300,18300,-82.68816,27.715886
708,Wilmington College,"Wilmington, OH",OH,920/21,920,21,39400,25000,96,27000,41500,2100,14500,-83.8181626,39.4447895
709,School of the Art Institute of Chicago,"Chicago, IL",IL,1130/25,1130,25,68900,46700,99,25700,44700,-24200,19000,-87.6249193,41.8802861
710,Marywood University,"Scranton, PA",PA,1030/NA,1030,NA,51500,25300,100,27000,41000,-10500,14000,-75.6324234,41.4351319
711,Southwestern Assemblies of God University,"Waxahachie, TX",TX,920/22,920,22,35300,27300,92,26300,38000,2700,11700,-96.8529436,32.4064143
712,Liberty University,"Lynchburg, VA",VA,1070/25,1070,25,39300,26600,99,24200,41300,2000,17100,-79.1769282,37.3529323
713,Savannah College of Art and Design,"Savannah, GA",GA,1070/24,1070,24,57700,43900,96,27000,43600,-14100,16600,-81.0940516,32.0729232
713,Lincoln University,"Lincoln University, PA",PA,840/17,840,17,28000,18800,99,31500,47300,19300,15800,-75.9273377,39.807212
715,Medaille College,"Buffalo, NY",NY,890/21,890,21,45000,15300,97,25000,38600,-6400,13600,-78.8559545,42.928608
716,Southern New Hampshire University,"Manchester, NH",NH,NA/NA,NA,NA,51600,37600,59,18800,45600,-6000,26800,-71.4531836,43.0407729
717,Bard College,"Annandale-On-Hudson, NY",NY,NA/NA,NA,NA,72300,31500,98,26200,48500,-23800,22300,-73.9100544,42.0203897
718,Kent State University at Kent,"Kent, OH",OH,1060/23,1060,23,26100,19500,54,25800,43400,17300,17600,-81.3414649,41.1490629
719,High Point University,"High Point, NC",NC,1100/24,1100,24,52300,41100,69,22400,45100,-7200,22700,-79.9953079,35.9723841
720,Cornerstone University,"Grand Rapids, MI",MI,1000/22,1000,22,41500,21400,100,25000,40500,-1000,15500,-85.5948623,42.9809156
721,Glenville State College,"Glenville, WV",WV,850/19,850,19,23700,12900,87,24000,39700,16000,15700,-80.833222,38.9348779
722,Delaware State University,"Dover, DE",DE,900/19,900,19,24000,13100,70,28500,43400,19400,14900,-75.5422735,39.1861372
723,Hampshire College,"Amherst, MA",MA,NA/NA,NA,NA,68700,36700,97,23500,45800,-22900,22300,-72.5322956,42.325559
724,Berklee College of Music,"Boston, MA",MA,NA/NA,NA,NA,65100,44300,35,25300,44700,-20400,19400,-71.0895292,42.3465952
725,Johnson C Smith University,"Charlotte, NC",NC,830/17,830,17,32900,20400,95,32100,43300,10400,11200,-80.8562124,35.2427192
726,Tougaloo College,"Tougaloo, MS",MS,1020/20,1020,20,23400,13400,NA,35000,37100,13700,2100,-90.1607274,32.4048131
727,Philander Smith College,"Little Rock, AR",AR,NA/NA,NA,NA,26000,17200,94,31000,34700,8700,3700,-92.2829693,34.7371492
